_id	user	session_id	date	ua	screen	screenh	windoww	windowh	documentw	documenth
5e4a50654d1e4ccaca5d77d5	Alluserspreauth	366758616	2020-02-17 09:35:49.089692	Mozilla/5.0 (X11; Linux x86_64) AppleWebKit/537.36 (KHTML, like Gecko) Chrome/76.0.3809.132 Safari/537.36	1920	1080	1920	951	1920	951
5e4a50894d1e4ccaca5d7907	User1	366758624	2020-02-17 09:36:25.167894	Mozilla/5.0 (X11; Linux x86_64) AppleWebKit/537.36 (KHTML, like Gecko) Chrome/76.0.3809.132 Safari/537.36	1920	1080	1920	951	1920	951
5e4a50a14d1e4ccaca5d790a	Alluserspreauth	366758629	2020-02-17 09:36:49.672438	Mozilla/5.0 (X11; Linux x86_64; rv:73.0) Gecko/20100101 Firefox/73.0	1920	1080	1856	919	1856	919
5e4a50e44d1e4ccaca5d7df6	User2	366758657	2020-02-17 09:37:56.841162	Mozilla/5.0 (X11; Linux x86_64; rv:73.0) Gecko/20100101 Firefox/73.0	1920	1080	1856	919	1856	919
5e4a524b4d1e4ccaca5d8425	Alluserspreauth	366758800	2020-02-17 09:43:55.033767	Mozilla/5.0 (X11; Linux x86_64) AppleWebKit/537.36 (KHTML, like Gecko) Chrome/80.0.3987.87 Safari/537.36	1920	1080	1853	900	1853	900
5e4a52904d1e4ccaca5d8559	User3	366758841	2020-02-17 09:45:04.161713	Mozilla/5.0 (X11; Linux x86_64) AppleWebKit/537.36 (KHTML, like Gecko) Chrome/80.0.3987.87 Safari/537.36	1920	1080	1853	900	1853	900
5e4a533d4d1e4ccaca5d8a86	Alluserspreauth	366758946	2020-02-17 09:47:57.721913	Mozilla/5.0 (Windows NT 10.0; Win64; x64) AppleWebKit/537.36 (KHTML, like Gecko) Chrome/80.0.3987.106 Safari/537.36	1280	720	1280	610	1263	661
5e4a536b4d1e4ccaca5d8f70	User4	366758982	2020-02-17 09:48:43.439740	Mozilla/5.0 (Windows NT 10.0; Win64; x64) AppleWebKit/537.36 (KHTML, like Gecko) Chrome/80.0.3987.106 Safari/537.36	1280	720	1280	610	1280	610
5e4a56df4d1e4ccaca5d9f4d	Alluserspreauth	366759690	2020-02-17 10:03:27.663274	Mozilla/5.0 (X11; Ubuntu; Linux x86_64; rv:73.0) Gecko/20100101 Firefox/73.0	1920	1080	1853	951	1853	951
5e4a57134d1e4ccaca5da093	User5	366759743	2020-02-17 10:04:19.177930	Mozilla/5.0 (X11; Ubuntu; Linux x86_64; rv:73.0) Gecko/20100101 Firefox/73.0	1920	1080	1853	951	1853	951
5e4a5ac74d1e4ccaca5da48d	Alluserspreauth	366760691	2020-02-17 10:20:07.078845	Mozilla/5.0 (X11; Linux x86_64) AppleWebKit/537.36 (KHTML, like Gecko) Chrome/79.0.3945.79 Safari/537.36	1920	1080	1850	981	1850	981
5e4a5dd44d1e4ccaca5da8c1	User6	366761628	2020-02-17 10:33:08.289365	Mozilla/5.0 (X11; Linux x86_64) AppleWebKit/537.36 (KHTML, like Gecko) Chrome/79.0.3945.79 Safari/537.36	1920	1080	1850	932	1850	932
5e4a5de94d1e4ccaca5da994	User6	366761654	2020-02-17 10:33:29.049405	Mozilla/5.0 (X11; Linux x86_64) AppleWebKit/537.36 (KHTML, like Gecko) Chrome/79.0.3945.79 Safari/537.36	1920	1080	1850	932	1850	932
5e4a5dea4d1e4ccaca5da997	User6	366761658	2020-02-17 10:33:30.443709	Mozilla/5.0 (X11; Linux x86_64) AppleWebKit/537.36 (KHTML, like Gecko) Chrome/79.0.3945.79 Safari/537.36	1920	1080	1850	932	1850	932
5e4a60184d1e4ccaca5dad89	User4	366762360	2020-02-17 10:42:48.906132	Mozilla/5.0 (Windows NT 10.0; Win64; x64) AppleWebKit/537.36 (KHTML, like Gecko) Chrome/80.0.3987.106 Safari/537.36	1280	720	1280	610	1280	610
5e4a660d4d1e4ccaca5dadb7	Alluserspreauth	366764188	2020-02-17 11:08:13.416267	Mozilla/5.0 (X11; Ubuntu; Linux x86_64; rv:73.0) Gecko/20100101 Firefox/73.0	1920	1080	1853	951	1853	951
5e4a66544d1e4ccaca5daee0	User7	366764289	2020-02-17 11:09:24.765419	Mozilla/5.0 (X11; Ubuntu; Linux x86_64; rv:73.0) Gecko/20100101 Firefox/73.0	1920	1080	1853	951	1853	951
5e4a6deb4d1e4ccaca5db45b	User6	366766997	2020-02-17 11:41:47.599304	Mozilla/5.0 (X11; Linux x86_64) AppleWebKit/537.36 (KHTML, like Gecko) Chrome/79.0.3945.79 Safari/537.36	1920	1080	1850	932	1850	932
5e4a77744d1e4ccaca5db491	User4	366769901	2020-02-17 12:22:28.164317	Mozilla/5.0 (Windows NT 10.0; Win64; x64) AppleWebKit/537.36 (KHTML, like Gecko) Chrome/80.0.3987.106 Safari/537.36	1280	720	1280	610	1280	610
5e4a78104d1e4ccaca5db4d0	User6	366770090	2020-02-17 12:25:04.982143	Mozilla/5.0 (X11; Linux x86_64) AppleWebKit/537.36 (KHTML, like Gecko) Chrome/79.0.3945.79 Safari/537.36	1920	1080	1850	981	1850	981
5e4a7aed4d1e4ccaca5de46b	User6	366771113	2020-02-17 12:37:17.174767	Mozilla/5.0 (X11; Linux x86_64) AppleWebKit/537.36 (KHTML, like Gecko) Chrome/79.0.3945.79 Safari/537.36	1920	1080	1850	981	1850	981
5e4a7afe4d1e4ccaca5de5d5	User6	366771139	2020-02-17 12:37:34.936854	Mozilla/5.0 (X11; Linux x86_64) AppleWebKit/537.36 (KHTML, like Gecko) Chrome/79.0.3945.79 Safari/537.36	1920	1080	1850	981	1850	981
5e4a7c334d1e4ccaca5ded54	User1	366771570	2020-02-17 12:42:43.949717	Mozilla/5.0 (X11; Linux x86_64) AppleWebKit/537.36 (KHTML, like Gecko) Chrome/76.0.3809.132 Safari/537.36	1920	1080	1920	902	1920	902
5e4a93ca4d1e4ccaca5e05df	Alluserspreauth	366777947	2020-02-17 14:23:22.109946	Mozilla/5.0 (X11; Ubuntu; Linux x86_64; rv:73.0) Gecko/20100101 Firefox/73.0	1920	1080	1853	928	1853	928
5e4a93f14d1e4ccaca5e071c	User8	366777995	2020-02-17 14:24:01.741542	Mozilla/5.0 (X11; Ubuntu; Linux x86_64; rv:73.0) Gecko/20100101 Firefox/73.0	1920	1080	1853	928	1853	928
5e4a94cc4d1e4ccaca5e0fd8	Alluserspreauth	366778257	2020-02-17 14:27:40.649839	Mozilla/5.0 (X11; Ubuntu; Linux x86_64; rv:73.0) Gecko/20100101 Firefox/73.0	1920	1080	1853	951	1853	951
5e4a951b4d1e4ccaca5e14dd	User9	366778367	2020-02-17 14:28:59.684143	Mozilla/5.0 (X11; Ubuntu; Linux x86_64; rv:73.0) Gecko/20100101 Firefox/73.0	1920	1080	1853	951	1853	951
5e4a95454d1e4ccaca5e16e9	User6	366778425	2020-02-17 14:29:41.216434	Mozilla/5.0 (X11; Linux x86_64) AppleWebKit/537.36 (KHTML, like Gecko) Chrome/79.0.3945.79 Safari/537.36	1920	1080	1850	981	1850	981
5e4a98564d1e4ccaca5e2112	User9	366779670	2020-02-17 14:42:46.023495	Mozilla/5.0 (X11; Ubuntu; Linux x86_64; rv:73.0) Gecko/20100101 Firefox/73.0	1920	1080	1853	951	1853	951
5e4a98864d1e4ccaca5e212e	User9	366779747	2020-02-17 14:43:34.357068	Mozilla/5.0 (X11; Ubuntu; Linux x86_64; rv:73.0) Gecko/20100101 Firefox/73.0	1920	1080	1853	951	1853	951
5e4a98884d1e4ccaca5e2135	User9	366779752	2020-02-17 14:43:36.182529	Mozilla/5.0 (X11; Ubuntu; Linux x86_64; rv:73.0) Gecko/20100101 Firefox/73.0	1920	1080	1853	951	1853	951
5e4a988d4d1e4ccaca5e213e	User9	366779761	2020-02-17 14:43:41.437758	Mozilla/5.0 (X11; Ubuntu; Linux x86_64; rv:73.0) Gecko/20100101 Firefox/73.0	1920	1080	1853	951	1853	951
5e4a98954d1e4ccaca5e214a	Alluserspreauth	366779772	2020-02-17 14:43:49.739657	Mozilla/5.0 (X11; Ubuntu; Linux x86_64; rv:73.0) Gecko/20100101 Firefox/73.0	1920	1080	1853	951	1853	951
5e4a989d4d1e4ccaca5e2199	User9	366779789	2020-02-17 14:43:57.663750	Mozilla/5.0 (X11; Ubuntu; Linux x86_64; rv:73.0) Gecko/20100101 Firefox/73.0	1920	1080	1853	951	1853	951
5e4a98cf4d1e4ccaca5e21dd	User9	366779869	2020-02-17 14:44:47.564317	Mozilla/5.0 (X11; Ubuntu; Linux x86_64; rv:73.0) Gecko/20100101 Firefox/73.0	1920	1080	1853	951	1853	951
5e4a98f84d1e4ccaca5e220c	User9	366779934	2020-02-17 14:45:28.104815	Mozilla/5.0 (X11; Ubuntu; Linux x86_64; rv:73.0) Gecko/20100101 Firefox/73.0	1920	1080	1853	951	1853	951
5e4a98fd4d1e4ccaca5e2213	User9	366779942	2020-02-17 14:45:33.357758	Mozilla/5.0 (X11; Ubuntu; Linux x86_64; rv:73.0) Gecko/20100101 Firefox/73.0	1920	1080	1853	951	1853	951
5e4a99024d1e4ccaca5e221e	User9	366779951	2020-02-17 14:45:38.991013	Mozilla/5.0 (X11; Ubuntu; Linux x86_64; rv:73.0) Gecko/20100101 Firefox/73.0	1920	1080	1853	951	1853	951
5e4a990c4d1e4ccaca5e2225	User9	366779967	2020-02-17 14:45:48.702483	Mozilla/5.0 (X11; Ubuntu; Linux x86_64; rv:73.0) Gecko/20100101 Firefox/73.0	1920	1080	1853	951	1853	951
5e4a99164d1e4ccaca5e2234	User9	366779984	2020-02-17 14:45:58.006375	Mozilla/5.0 (X11; Ubuntu; Linux x86_64; rv:73.0) Gecko/20100101 Firefox/73.0	1920	1080	1853	951	1853	951
5e4a99174d1e4ccaca5e223a	User9	366779987	2020-02-17 14:45:59.863064	Mozilla/5.0 (X11; Ubuntu; Linux x86_64; rv:73.0) Gecko/20100101 Firefox/73.0	1920	1080	1853	951	1853	951
5e4a99194d1e4ccaca5e2257	User9	366779992	2020-02-17 14:46:01.064359	Mozilla/5.0 (X11; Ubuntu; Linux x86_64; rv:73.0) Gecko/20100101 Firefox/73.0	1920	1080	1853	951	1853	951
5e4a991d4d1e4ccaca5e225c	User5	366779998	2020-02-17 14:46:05.539829	Mozilla/5.0 (X11; Ubuntu; Linux x86_64; rv:73.0) Gecko/20100101 Firefox/73.0	1920	1080	1853	951	1853	951
5e4a991e4d1e4ccaca5e227b	User9	366780000	2020-02-17 14:46:06.309907	Mozilla/5.0 (X11; Ubuntu; Linux x86_64; rv:73.0) Gecko/20100101 Firefox/73.0	1920	1080	1853	951	1853	951
5e4a998c4d1e4ccaca5e22f6	User9	366780178	2020-02-17 14:47:56.685275	Mozilla/5.0 (X11; Ubuntu; Linux x86_64; rv:73.0) Gecko/20100101 Firefox/73.0	1920	1080	1853	951	1853	951
5e4a99954d1e4ccaca5e2309	User5	366780190	2020-02-17 14:48:05.155172	Mozilla/5.0 (X11; Ubuntu; Linux x86_64; rv:73.0) Gecko/20100101 Firefox/73.0	1920	1080	1853	951	1853	951
5e4a9a444d1e4ccaca5e2523	User9	366780439	2020-02-17 14:51:00.668652	Mozilla/5.0 (X11; Ubuntu; Linux x86_64; rv:73.0) Gecko/20100101 Firefox/73.0	1760	990	1699	872	1699	872
5e4a9a5a4d1e4ccaca5e2558	User9	366780477	2020-02-17 14:51:22.350308	Mozilla/5.0 (X11; Ubuntu; Linux x86_64; rv:73.0) Gecko/20100101 Firefox/73.0	1760	990	1699	872	1699	872
5e4aa21f4d1e4ccaca5e383b	User6	366783479	2020-02-17 15:24:31.866778	Mozilla/5.0 (X11; Linux x86_64) AppleWebKit/537.36 (KHTML, like Gecko) Chrome/79.0.3945.79 Safari/537.36	1920	1080	1850	981	1850	981
5e4aa8bc4d1e4ccaca5e97d5	User8	366786164	2020-02-17 15:52:44.106314	Mozilla/5.0 (X11; Ubuntu; Linux x86_64; rv:73.0) Gecko/20100101 Firefox/73.0	1920	1080	1853	928	1853	928
5e4ab08e4d1e4ccaca5ea6d0	User6	366789327	2020-02-17 16:26:06.769091	Mozilla/5.0 (X11; Linux x86_64) AppleWebKit/537.36 (KHTML, like Gecko) Chrome/79.0.3945.79 Safari/537.36	1920	1080	1850	981	1850	981
5e4ab1554d1e4ccaca5ea7b8	Alluserspreauth	366789621	2020-02-17 16:29:25.421589	Mozilla/5.0 (Windows NT 10.0; Win64; x64) AppleWebKit/537.36 (KHTML, like Gecko) Chrome/79.0.3945.130 Safari/537.36	1600	900	1584	772	1584	772
5e4ab1a04d1e4ccaca5ea94a	User10	366789740	2020-02-17 16:30:40.206804	Mozilla/5.0 (Windows NT 10.0; Win64; x64) AppleWebKit/537.36 (KHTML, like Gecko) Chrome/79.0.3945.130 Safari/537.36	1600	900	1584	772	1584	772
5e4ab38b4d1e4ccaca5eaabc	User6	366790385	2020-02-17 16:38:51.292469	Mozilla/5.0 (X11; Linux x86_64) AppleWebKit/537.36 (KHTML, like Gecko) Chrome/79.0.3945.79 Safari/537.36	1920	1080	1850	981	1850	981
5e4ab6274d1e4ccaca5eacba	Alluserspreauth	366791190	2020-02-17 16:49:59.892177	Mozilla/5.0 (X11; Linux x86_64) AppleWebKit/537.36 (KHTML, like Gecko) Chrome/76.0.3809.132 Safari/537.36	1920	1080	1920	902	1920	902
5e4ac0504d1e4ccaca5eacd3	User6	366793791	2020-02-17 17:33:20.811242	Mozilla/5.0 (X11; Linux x86_64) AppleWebKit/537.36 (KHTML, like Gecko) Chrome/79.0.3945.79 Safari/537.36	1920	1080	1850	981	1850	981
5e4ae6064d1e4ccaca5ead0d	User2	366801752	2020-02-17 20:14:14.054189	Mozilla/5.0 (X11; Linux x86_64; rv:73.0) Gecko/20100101 Firefox/73.0	1920	1080	1856	919	1856	919
5e4ae8644d1e4ccaca5ead22	Alluserspreauth	366802152	2020-02-17 20:24:20.808786	Mozilla/5.0 (Windows NT 10.0; Win64; x64) AppleWebKit/537.36 (KHTML, like Gecko) Chrome/79.0.3945.130 Safari/537.36	1536	864	767	695	751	247
5e4ae89a4d1e4ccaca5ead2e	Alluserspreauth	366802189	2020-02-17 20:25:14.191669	Mozilla/5.0 (Windows NT 10.0; Win64; x64) AppleWebKit/537.36 (KHTML, like Gecko) Chrome/79.0.3945.130 Safari/537.36	1536	864	767	695	767	695
5e4b94b84d1e4ccaca5ead53	Alluserspreauth	366829233	2020-02-18 08:39:36.917919	Mozilla/5.0 (Windows NT 10.0; Win64; x64) AppleWebKit/537.36 (KHTML, like Gecko) Chrome/79.0.3945.130 Safari/537.36	1536	864	1536	706	1536	706
5e4b97724d1e4ccaca5ead5f	Alluserspreauth	366829672	2020-02-18 08:51:14.465798	Mozilla/5.0 (Linux; Android 9; Mi A1) AppleWebKit/537.36 (KHTML, like Gecko) Chrome/79.0.3945.136 Mobile Safari/537.36	360	640	360	263	360	588
5e4b97824d1e4ccaca5eadd7	User1	366829683	2020-02-18 08:51:30.681988	Mozilla/5.0 (Linux; Android 9; Mi A1) AppleWebKit/537.36 (KHTML, like Gecko) Chrome/79.0.3945.136 Mobile Safari/537.36	360	640	360	560	360	560
5e4b97c64d1e4ccaca5eaecc	Alluserspreauth	366829735	2020-02-18 08:52:38.788757	Mozilla/5.0 (Linux; Android 9; Mi A3) AppleWebKit/537.36 (KHTML, like Gecko) Chrome/80.0.3987.99 Mobile Safari/537.36	360	780	360	392	360	898
5e4b97ec4d1e4ccaca5eb015	User11	366829763	2020-02-18 08:53:16.879377	Mozilla/5.0 (Linux; Android 9; Mi A3) AppleWebKit/537.36 (KHTML, like Gecko) Chrome/80.0.3987.99 Mobile Safari/537.36	360	780	360	641	360	641
5e4b989a4d1e4ccaca5eb23e	User11	366829919	2020-02-18 08:56:10.188577	Mozilla/5.0 (Linux; Android 9; Mi A3) AppleWebKit/537.36 (KHTML, like Gecko) Chrome/80.0.3987.99 Mobile Safari/537.36	360	780	360	344	360	588
5e4b98ac4d1e4ccaca5eb2ce	User11	366829934	2020-02-18 08:56:28.922441	Mozilla/5.0 (Linux; Android 9; Mi A3) AppleWebKit/537.36 (KHTML, like Gecko) Chrome/80.0.3987.99 Mobile Safari/537.36	360	780	360	641	360	641
5e4b98c94d1e4ccaca5eb305	User11	366829957	2020-02-18 08:56:57.963917	Mozilla/5.0 (Linux; Android 9; Mi A3) AppleWebKit/537.36 (KHTML, like Gecko) Chrome/80.0.3987.99 Mobile Safari/537.36	360	780	360	344	360	588
5e4b999a4d1e4ccaca5eb480	User11	366830144	2020-02-18 09:00:26.326784	Mozilla/5.0 (Linux; Android 9; Mi A3) AppleWebKit/537.36 (KHTML, like Gecko) Chrome/80.0.3987.99 Mobile Safari/537.36	360	780	360	344	360	588
5e4b99a44d1e4ccaca5eb4a2	User11	366830154	2020-02-18 09:00:36.185694	Mozilla/5.0 (Linux; Android 9; Mi A3) AppleWebKit/537.36 (KHTML, like Gecko) Chrome/80.0.3987.99 Mobile Safari/537.36	360	780	360	641	360	641
5e4b99ec4d1e4ccaca5eb6ba	User11	366830226	2020-02-18 09:01:48.350677	Mozilla/5.0 (Linux; Android 9; Mi A3) AppleWebKit/537.36 (KHTML, like Gecko) Chrome/80.0.3987.99 Mobile Safari/537.36	360	780	360	344	360	588
5e4b99f64d1e4ccaca5eb6dc	User11	366830235	2020-02-18 09:01:58.479733	Mozilla/5.0 (Linux; Android 9; Mi A3) AppleWebKit/537.36 (KHTML, like Gecko) Chrome/80.0.3987.99 Mobile Safari/537.36	360	780	360	641	360	641
5e4b9ad34d1e4ccaca5eb811	User1	366830467	2020-02-18 09:05:39.760549	Mozilla/5.0 (Linux; Android 9; Mi A1) AppleWebKit/537.36 (KHTML, like Gecko) Chrome/79.0.3945.136 Mobile Safari/537.36	360	640	360	355	360	355
5e4b9adf4d1e4ccaca5eb83e	Alluserspreauth	366830476	2020-02-18 09:05:51.015149	Mozilla/5.0 (Android 9; Mobile; rv:68.0) Gecko/68.0 Firefox/68.0	360	736	360	390	360	589
5e4b9aea4d1e4ccaca5eb924	User2	366830489	2020-02-18 09:06:02.352611	Mozilla/5.0 (Android 9; Mobile; rv:68.0) Gecko/68.0 Firefox/68.0	360	736	360	680	360	680
5e4b9ca74d1e4ccaca5ebf9c	User1	366830786	2020-02-18 09:13:27.055476	Mozilla/5.0 (Linux; Android 9; Mi A1) AppleWebKit/537.36 (KHTML, like Gecko) Chrome/79.0.3945.136 Mobile Safari/537.36	360	640	360	560	360	560
5e4b9e344d1e4ccaca5ec68a	User2	366831083	2020-02-18 09:20:04.407914	Mozilla/5.0 (Android 9; Mobile; rv:68.0) Gecko/68.0 Firefox/68.0	360	736	360	680	360	680
5e4b9e394d1e4ccaca5ec694	User2	366831087	2020-02-18 09:20:09.720992	Mozilla/5.0 (Android 9; Mobile; rv:68.0) Gecko/68.0 Firefox/68.0	360	736	360	680	360	680
5e4ba01b4d1e4ccaca5ec74b	User1	366831387	2020-02-18 09:28:11.189015	Mozilla/5.0 (Linux; Android 9; Mi A1) AppleWebKit/537.36 (KHTML, like Gecko) Chrome/79.0.3945.136 Mobile Safari/537.36	360	640	360	560	360	560
5e4ba1c64d1e4ccaca5ec917	User1	366831667	2020-02-18 09:35:18.380929	Mozilla/5.0 (Linux; Android 9; Mi A1) AppleWebKit/537.36 (KHTML, like Gecko) Chrome/79.0.3945.136 Mobile Safari/537.36	360	640	360	560	360	560
5e4ba8354d1e4ccaca5ecaf7	User2	366832702	2020-02-18 10:02:45.276243	Mozilla/5.0 (Android 9; Mobile; rv:68.0) Gecko/68.0 Firefox/68.0	360	736	360	434	360	589
5e4ba84c4d1e4ccaca5ecbbe	User2	366832722	2020-02-18 10:03:08.327076	Mozilla/5.0 (Android 9; Mobile; rv:68.0) Gecko/68.0 Firefox/68.0	360	736	360	680	360	680
5e4ba8aa4d1e4ccaca5ecbc8	User1	366832780	2020-02-18 10:04:42.319207	Mozilla/5.0 (Linux; Android 9; Mi A1) AppleWebKit/537.36 (KHTML, like Gecko) Chrome/79.0.3945.136 Mobile Safari/537.36	360	640	360	560	360	560
5e4badcc4d1e4ccaca5ecead	User1	366833628	2020-02-18 10:26:36.362806	Mozilla/5.0 (Linux; Android 9; Mi A1) AppleWebKit/537.36 (KHTML, like Gecko) Chrome/79.0.3945.136 Mobile Safari/537.36	360	640	360	355	360	355
5e4bb01f4d1e4ccaca5ecf3e	Alluserspreauth	366833989	2020-02-18 10:36:31.509901	Mozilla/5.0 (Linux; Android 8.0.0; F5121) AppleWebKit/537.36 (KHTML, like Gecko) Chrome/80.0.3987.99 Mobile Safari/537.36	360	640	360	222	360	588
5e4bb02e4d1e4ccaca5ecf89	User4	366834000	2020-02-18 10:36:46.552397	Mozilla/5.0 (Linux; Android 8.0.0; F5121) AppleWebKit/537.36 (KHTML, like Gecko) Chrome/80.0.3987.99 Mobile Safari/537.36	360	640	360	512	360	512
5e4bb0834d1e4ccaca5ed20a	Alluserspreauth	366834065	2020-02-18 10:38:11.395768	Mozilla/5.0 (Linux; Android 8.1.0; Moto G (5S) Plus) AppleWebKit/537.36 (KHTML, like Gecko) Chrome/79.0.3945.136 Mobile Safari/537.36	424	753	424	296	424	712
5e4bb0924d1e4ccaca5ed30c	User5	366834077	2020-02-18 10:38:26.519665	Mozilla/5.0 (Linux; Android 8.1.0; Moto G (5S) Plus) AppleWebKit/537.36 (KHTML, like Gecko) Chrome/79.0.3945.136 Mobile Safari/537.36	424	753	424	626	424	626
5e4bb5af4d1e4ccaca5edd62	User9	366834918	2020-02-18 11:00:15.919009	Mozilla/5.0 (X11; Ubuntu; Linux x86_64; rv:73.0) Gecko/20100101 Firefox/73.0	1760	990	1699	872	1699	872
5e4bb8d64d1e4ccaca5edd80	Alluserspreauth	366835253	2020-02-18 11:13:42.379673	Mozilla/5.0 (iPhone; CPU iPhone OS 13_2_3 like Mac OS X) AppleWebKit/605.1.15 (KHTML, like Gecko) Version/13.0.3 Mobile/15E148 Safari/604.1	375	667	375	553	375	587
5e4bb8dd4d1e4ccaca5edd8f	User7	366835258	2020-02-18 11:13:49.028516	Mozilla/5.0 (iPhone; CPU iPhone OS 13_2_3 like Mac OS X) AppleWebKit/605.1.15 (KHTML, like Gecko) Version/13.0.3 Mobile/15E148 Safari/604.1	375	667	375	553	375	553
5e4bb8ff4d1e4ccaca5ede61	User7	366835279	2020-02-18 11:14:23.358915	Mozilla/5.0 (iPhone; CPU iPhone OS 13_2_3 like Mac OS X) AppleWebKit/605.1.15 (KHTML, like Gecko) Version/13.0.3 Mobile/15E148 Safari/604.1	375	667	375	553	375	553
5e4bb9524d1e4ccaca5ee42a	User7	366835349	2020-02-18 11:15:46.760342	Mozilla/5.0 (iPhone; CPU iPhone OS 13_2_3 like Mac OS X) AppleWebKit/605.1.15 (KHTML, like Gecko) Version/13.0.3 Mobile/15E148 Safari/604.1	375	667	375	553	375	553
5e4bbb7c4d1e4ccaca5eee2e	Alluserspreauth	366835567	2020-02-18 11:25:00.895591	Mozilla/5.0 (Linux; Android 8.1.0; Moto G (5S) Plus) AppleWebKit/537.36 (KHTML, like Gecko) Chrome/79.0.3945.136 Mobile Safari/537.36	424	753	424	344	424	587
5e4bbb8c4d1e4ccaca5eeebb	User5	366835575	2020-02-18 11:25:16.021606	Mozilla/5.0 (Linux; Android 8.1.0; Moto G (5S) Plus) AppleWebKit/537.36 (KHTML, like Gecko) Chrome/79.0.3945.136 Mobile Safari/537.36	424	753	424	626	424	626
5e4bbb904d1e4ccaca5eeecb	Alluserspreauth	366835577	2020-02-18 11:25:20.198178	Mozilla/5.0 (Linux; Android 9; Mi A1) AppleWebKit/537.36 (KHTML, like Gecko) Chrome/80.0.3987.99 Mobile Safari/537.36	360	640	360	560	360	588
5e4bbbce4d1e4ccaca5ef1c8	Alluserspreauth	366835628	2020-02-18 11:26:22.943888	Mozilla/5.0 (iPhone; CPU iPhone OS 13_3_1 like Mac OS X) AppleWebKit/605.1.15 (KHTML, like Gecko) Version/13.0.5 Mobile/15E148 Safari/604.1	375	812	375	563	375	635
5e4bbbec4d1e4ccaca5ef255	User8	366835650	2020-02-18 11:26:52.354139	Mozilla/5.0 (iPhone; CPU iPhone OS 13_3_1 like Mac OS X) AppleWebKit/605.1.15 (KHTML, like Gecko) Version/13.0.5 Mobile/15E148 Safari/604.1	375	812	375	635	375	635
5e4bbc354d1e4ccaca5ef76a	User6	366835708	2020-02-18 11:28:05.321024	Mozilla/5.0 (Linux; Android 9; Mi A1) AppleWebKit/537.36 (KHTML, like Gecko) Chrome/80.0.3987.99 Mobile Safari/537.36	360	640	360	560	360	560
5e4bbc654d1e4ccaca5efbb2	User1	366835795	2020-02-18 11:28:53.483153	Mozilla/5.0 (Linux; Android 9; Mi A1) AppleWebKit/537.36 (KHTML, like Gecko) Chrome/79.0.3945.136 Mobile Safari/537.36	360	640	360	263	360	588
5e4bbc6f4d1e4ccaca5efcfd	User1	366835805	2020-02-18 11:29:03.665831	Mozilla/5.0 (Linux; Android 9; Mi A1) AppleWebKit/537.36 (KHTML, like Gecko) Chrome/79.0.3945.136 Mobile Safari/537.36	360	640	360	560	360	560
5e4bbec04d1e4ccaca5f1a2f	User7	366836222	2020-02-18 11:38:56.315529	Mozilla/5.0 (iPhone; CPU iPhone OS 13_2_3 like Mac OS X) AppleWebKit/605.1.15 (KHTML, like Gecko) Version/13.0.3 Mobile/15E148 Safari/604.1	375	667	375	553	375	553
5e4bbf784d1e4ccaca5f1e7f	Alluserspreauth	366836290	2020-02-18 11:42:00.667075	Mozilla/5.0 (Linux; Android 8.0.0; PRA-LX1) AppleWebKit/537.36 (KHTML, like Gecko) Chrome/80.0.3987.87 Mobile Safari/537.36	360	640	360	269	360	588
5e4bbf894d1e4ccaca5f1f69	User3	366836300	2020-02-18 11:42:17.618675	Mozilla/5.0 (Linux; Android 8.0.0; PRA-LX1) AppleWebKit/537.36 (KHTML, like Gecko) Chrome/80.0.3987.87 Mobile Safari/537.36	360	640	360	518	360	518
5e4bbf8a4d1e4ccaca5f1f80	User9	366836301	2020-02-18 11:42:18.180668	Mozilla/5.0 (X11; Ubuntu; Linux x86_64; rv:73.0) Gecko/20100101 Firefox/73.0	1760	990	1699	872	1699	872
5e4bbf924d1e4ccaca5f203d	User9	366836307	2020-02-18 11:42:26.334520	Mozilla/5.0 (X11; Ubuntu; Linux x86_64; rv:73.0) Gecko/20100101 Firefox/73.0	1760	990	1699	872	1699	872
5e4bbf964d1e4ccaca5f208d	User6	366836309	2020-02-18 11:42:30.181302	Mozilla/5.0 (Linux; Android 9; Mi A1) AppleWebKit/537.36 (KHTML, like Gecko) Chrome/80.0.3987.99 Mobile Safari/537.36	360	640	360	560	360	560
5e4bc0734d1e4ccaca5f2e8b	User6	366836454	2020-02-18 11:46:11.880673	Mozilla/5.0 (Linux; Android 9; Mi A1) AppleWebKit/537.36 (KHTML, like Gecko) Chrome/80.0.3987.99 Mobile Safari/537.36	360	640	360	560	360	713
5e4bc3034d1e4ccaca5f2feb	User8	366836570	2020-02-18 11:57:07.924823	Mozilla/5.0 (X11; Ubuntu; Linux x86_64; rv:73.0) Gecko/20100101 Firefox/73.0	1920	1080	1853	928	1853	928
5e4bc3e54d1e4ccaca5f2ff9	User9	366836581	2020-02-18 12:00:53.444020	Mozilla/5.0 (X11; Ubuntu; Linux x86_64; rv:73.0) Gecko/20100101 Firefox/73.0	1760	990	1699	872	1699	872
5e4bc4ce4d1e4ccaca5f311c	User3	366836610	2020-02-18 12:04:46.106416	Mozilla/5.0 (Linux; Android 8.0.0; PRA-LX1) AppleWebKit/537.36 (KHTML, like Gecko) Chrome/80.0.3987.87 Mobile Safari/537.36	360	640	360	518	360	518
5e4bc8694d1e4ccaca5f314d	User4	366836682	2020-02-18 12:20:09.499978	Mozilla/5.0 (Linux; Android 8.0.0; F5121) AppleWebKit/537.36 (KHTML, like Gecko) Chrome/80.0.3987.99 Mobile Safari/537.36	360	640	360	512	360	512
5e4bcc874d1e4ccaca5f3324	Alluserspreauth	366836817	2020-02-18 12:37:43.190941	Mozilla/5.0 (X11; Ubuntu; Linux x86_64; rv:73.0) Gecko/20100101 Firefox/73.0	1920	1080	1920	951	1920	951
5e4bcc9d4d1e4ccaca5f33bf	User11	366836822	2020-02-18 12:38:05.202209	Mozilla/5.0 (X11; Ubuntu; Linux x86_64; rv:73.0) Gecko/20100101 Firefox/73.0	1920	1080	1920	951	1920	951
5e4bccd74d1e4ccaca5f35f6	Alluserspreauth	366836834	2020-02-18 12:39:03.238894	Mozilla/5.0 (iPhone; CPU iPhone OS 13_2_3 like Mac OS X) AppleWebKit/605.1.15 (KHTML, like Gecko) Version/13.0.3 Mobile/15E148 Safari/604.1	375	667	375	553	375	553
5e4bccdc4d1e4ccaca5f3625	User7	366836836	2020-02-18 12:39:08.297517	Mozilla/5.0 (iPhone; CPU iPhone OS 13_2_3 like Mac OS X) AppleWebKit/605.1.15 (KHTML, like Gecko) Version/13.0.3 Mobile/15E148 Safari/604.1	375	667	375	553	375	587
5e4bcce14d1e4ccaca5f3634	User7	366836839	2020-02-18 12:39:13.653370	Mozilla/5.0 (iPhone; CPU iPhone OS 13_2_3 like Mac OS X) AppleWebKit/605.1.15 (KHTML, like Gecko) Version/13.0.3 Mobile/15E148 Safari/604.1	375	667	375	553	375	553
5e4bcda64d1e4ccaca5f4024	User9	366836931	2020-02-18 12:42:30.507589	Mozilla/5.0 (X11; Ubuntu; Linux x86_64; rv:73.0) Gecko/20100101 Firefox/73.0	1760	990	1699	872	1699	872
5e4bcdae4d1e4ccaca5f4064	User9	366836935	2020-02-18 12:42:38.400598	Mozilla/5.0 (X11; Ubuntu; Linux x86_64; rv:73.0) Gecko/20100101 Firefox/73.0	1760	990	1699	872	1699	872
5e4bce0f4d1e4ccaca5f4086	User11	366836963	2020-02-18 12:44:15.580565	Mozilla/5.0 (X11; Ubuntu; Linux x86_64; rv:73.0) Gecko/20100101 Firefox/73.0	1920	1080	1920	951	1920	951
5e4bd1804d1e4ccaca5f4e03	User9	366837179	2020-02-18 12:58:56.269602	Mozilla/5.0 (X11; Ubuntu; Linux x86_64; rv:73.0) Gecko/20100101 Firefox/73.0	1760	990	1699	872	1699	872
5e4bd1854d1e4ccaca5f4e1a	User7	366837182	2020-02-18 12:59:01.542102	Mozilla/5.0 (iPhone; CPU iPhone OS 13_2_3 like Mac OS X) AppleWebKit/605.1.15 (KHTML, like Gecko) Version/13.0.3 Mobile/15E148 Safari/604.1	375	667	375	553	375	553
5e4bd1984d1e4ccaca5f4f6b	User9	366837192	2020-02-18 12:59:20.063030	Mozilla/5.0 (X11; Ubuntu; Linux x86_64; rv:73.0) Gecko/20100101 Firefox/73.0	1760	990	1699	872	1699	872
5e4bdcb44d1e4ccaca5f55ac	Alluserspreauth	366837366	2020-02-18 13:46:44.153736	Mozilla/5.0 (iPhone; CPU iPhone OS 13_3_1 like Mac OS X) AppleWebKit/605.1.15 (KHTML, like Gecko) Version/13.0.5 Mobile/15E148 Safari/604.1	375	812	375	563	375	635
5e4bdcbf4d1e4ccaca5f55e9	User8	366837369	2020-02-18 13:46:55.347870	Mozilla/5.0 (iPhone; CPU iPhone OS 13_3_1 like Mac OS X) AppleWebKit/605.1.15 (KHTML, like Gecko) Version/13.0.5 Mobile/15E148 Safari/604.1	375	812	375	635	375	635
5e4bdce24d1e4ccaca5f57d1	Alluserspreauth	366837385	2020-02-18 13:47:30.732680	Mozilla/5.0 (iPhone; CPU iPhone OS 13_2_3 like Mac OS X) AppleWebKit/605.1.15 (KHTML, like Gecko) Version/13.0.3 Mobile/15E148 Safari/604.1	375	667	375	553	375	553
5e4bdce74d1e4ccaca5f5801	Alluserspreauth	366837388	2020-02-18 13:47:35.825545	Mozilla/5.0 (iPhone; CPU iPhone OS 13_2_3 like Mac OS X) AppleWebKit/605.1.15 (KHTML, like Gecko) Version/13.0.3 Mobile/15E148 Safari/604.1	375	667	375	553	375	587
5e4bdcee4d1e4ccaca5f5885	User7	366837392	2020-02-18 13:47:42.695608	Mozilla/5.0 (iPhone; CPU iPhone OS 13_2_3 like Mac OS X) AppleWebKit/605.1.15 (KHTML, like Gecko) Version/13.0.3 Mobile/15E148 Safari/604.1	375	667	375	553	375	553
5e4bdf204d1e4ccaca5f6252	Alluserspreauth	366837522	2020-02-18 13:57:04.446279	Mozilla/5.0 (Linux; Android 9; Mi A1) AppleWebKit/537.36 (KHTML, like Gecko) Chrome/80.0.3987.99 Mobile Safari/537.36	360	640	360	263	360	713
5e4bdf404d1e4ccaca5f6372	User6	366837529	2020-02-18 13:57:36.541984	Mozilla/5.0 (Linux; Android 9; Mi A1) AppleWebKit/537.36 (KHTML, like Gecko) Chrome/80.0.3987.99 Mobile Safari/537.36	360	640	360	560	360	560
5e4bdf824d1e4ccaca5f6479	User6	366837539	2020-02-18 13:58:42.749074	Mozilla/5.0 (Linux; Android 9; Mi A1) AppleWebKit/537.36 (KHTML, like Gecko) Chrome/80.0.3987.99 Mobile Safari/537.36	360	640	360	560	360	560
5e4be6e54d1e4ccaca5f661c	Alluserspreauth	366837627	2020-02-18 14:30:13.656631	Mozilla/5.0 (Android 9; Mobile; rv:68.0) Gecko/68.0 Firefox/68.0	360	736	360	680	360	680
5e4be6ea4d1e4ccaca5f666f	Alluserspreauth	366837628	2020-02-18 14:30:18.944547	Mozilla/5.0 (Android 9; Mobile; rv:68.0) Gecko/68.0 Firefox/68.0	360	736	360	390	360	589
5e4be6f84d1e4ccaca5f66f3	User2	366837631	2020-02-18 14:30:32.252819	Mozilla/5.0 (Android 9; Mobile; rv:68.0) Gecko/68.0 Firefox/68.0	360	736	360	680	360	680
5e4bece74d1e4ccaca5f68bd	User1	366837687	2020-02-18 14:55:51.510015	Mozilla/5.0 (Linux; Android 9; Mi A1) AppleWebKit/537.36 (KHTML, like Gecko) Chrome/79.0.3945.136 Mobile Safari/537.36	360	640	360	560	360	560
5e4bf3694d1e4ccaca5f6bd2	Alluserspreauth	366837735	2020-02-18 15:23:37.833631	Mozilla/5.0 (Linux; Android 9; Mi A1) AppleWebKit/537.36 (KHTML, like Gecko) Chrome/80.0.3987.99 Mobile Safari/537.36	360	640	360	311	360	713
5e4bf3894d1e4ccaca5f6d19	User6	366837741	2020-02-18 15:24:09.372324	Mozilla/5.0 (Linux; Android 9; Mi A1) AppleWebKit/537.36 (KHTML, like Gecko) Chrome/80.0.3987.99 Mobile Safari/537.36	360	640	360	560	360	560
5e4bfe0b4d1e4ccaca5f7cc7	Alluserspreauth	366837986	2020-02-18 16:08:59.937794	Mozilla/5.0 (iPhone; CPU iPhone OS 13_3_1 like Mac OS X) AppleWebKit/605.1.15 (KHTML, like Gecko) Version/13.0.5 Mobile/15E148 Safari/604.1	375	812	375	563	375	635
5e4bfe324d1e4ccaca5f7d96	User8	366837994	2020-02-18 16:09:38.120794	Mozilla/5.0 (iPhone; CPU iPhone OS 13_3_1 like Mac OS X) AppleWebKit/605.1.15 (KHTML, like Gecko) Version/13.0.5 Mobile/15E148 Safari/604.1	375	812	375	635	375	635
5e4c08e44d1e4ccaca5f885b	Alluserspreauth	366838136	2020-02-18 16:55:16.762643	Mozilla/5.0 (Linux; Android 9; ONEPLUS A3003) AppleWebKit/537.36 (KHTML, like Gecko) Chrome/80.0.3987.99 Mobile Safari/537.36	360	640	360	560	360	588
5e4c1ba04d1e4ccaca5f8979	User3	366838239	2020-02-18 18:15:12.392158	Mozilla/5.0 (Linux; Android 8.0.0; PRA-LX1) AppleWebKit/537.36 (KHTML, like Gecko) Chrome/80.0.3987.87 Mobile Safari/537.36	360	640	360	518	360	518
5e4c1d714d1e4ccaca5f90cc	User1	366838357	2020-02-18 18:22:57.900989	Mozilla/5.0 (Linux; Android 9; Mi A1) AppleWebKit/537.36 (KHTML, like Gecko) Chrome/79.0.3945.136 Mobile Safari/537.36	360	640	360	560	360	560
5e4c26684d1e4ccaca5f9323	Alluserspreauth	366838421	2020-02-18 19:01:12.429800	Mozilla/5.0 (Linux; Android 9; Mi A3) AppleWebKit/537.36 (KHTML, like Gecko) Chrome/80.0.3987.99 Mobile Safari/537.36	360	780	360	344	360	588
5e4c26734d1e4ccaca5f9388	User11	366838423	2020-02-18 19:01:23.166706	Mozilla/5.0 (Linux; Android 9; Mi A3) AppleWebKit/537.36 (KHTML, like Gecko) Chrome/80.0.3987.99 Mobile Safari/537.36	360	780	360	641	360	641
5e4c283f4d1e4ccaca5f960a	Alluserspreauth	366838453	2020-02-18 19:09:03.726049	Mozilla/5.0 (iPhone; CPU iPhone OS 13_2_3 like Mac OS X) AppleWebKit/605.1.15 (KHTML, like Gecko) Version/13.0.3 Mobile/15E148 Safari/604.1	375	667	375	553	375	587
5e4c2a594d1e4ccaca5f960d	Alluserspreauth	366838459	2020-02-18 19:18:01.122115	Mozilla/5.0 (Linux; Android 8.0.0; F5121) AppleWebKit/537.36 (KHTML, like Gecko) Chrome/80.0.3987.99 Mobile Safari/537.36	360	640	360	512	360	588
5e4cdfcc4d1e4ccaca5f971d	User1	366838640	2020-02-19 08:12:12.773133	Mozilla/5.0 (Linux; Android 9; Mi A1) AppleWebKit/537.36 (KHTML, like Gecko) Chrome/79.0.3945.136 Mobile Safari/537.36	360	640	360	560	360	560
5e4cf03e4d1e4ccaca5f9736	User1	366838641	2020-02-19 09:22:22.862140	Mozilla/5.0 (Linux; Android 9; Mi A1) AppleWebKit/537.36 (KHTML, like Gecko) Chrome/79.0.3945.136 Mobile Safari/537.36	360	640	360	560	360	560
5e4cf0594d1e4ccaca5f9742	User5	366838642	2020-02-19 09:22:49.969884	Mozilla/5.0 (X11; Ubuntu; Linux x86_64; rv:73.0) Gecko/20100101 Firefox/73.0	1920	1080	1853	951	1853	951
5e4cf05f4d1e4ccaca5f974c	User5	366838643	2020-02-19 09:22:55.193826	Mozilla/5.0 (X11; Ubuntu; Linux x86_64; rv:73.0) Gecko/20100101 Firefox/73.0	1920	1080	1853	951	1853	951
5e4cf0c64d1e4ccaca5f9766	User5	366838665	2020-02-19 09:24:38.864899	Mozilla/5.0 (X11; Ubuntu; Linux x86_64; rv:73.0) Gecko/20100101 Firefox/73.0	1920	1080	1853	951	1853	951
5e4cf0cc4d1e4ccaca5f9774	User5	366838666	2020-02-19 09:24:44.052905	Mozilla/5.0 (X11; Ubuntu; Linux x86_64; rv:73.0) Gecko/20100101 Firefox/73.0	1920	1080	1853	951	1853	951
5e4cf0d24d1e4ccaca5f9787	User5	366838668	2020-02-19 09:24:50.225729	Mozilla/5.0 (X11; Ubuntu; Linux x86_64; rv:73.0) Gecko/20100101 Firefox/73.0	1920	1080	1853	951	1853	951
5e4cf0dc4d1e4ccaca5f9795	User5	366838670	2020-02-19 09:25:00.138179	Mozilla/5.0 (X11; Ubuntu; Linux x86_64; rv:73.0) Gecko/20100101 Firefox/73.0	1920	1080	1853	951	1853	951
5e4cf0e34d1e4ccaca5f97be	User5	366838674	2020-02-19 09:25:07.482714	Mozilla/5.0 (X11; Ubuntu; Linux x86_64; rv:73.0) Gecko/20100101 Firefox/73.0	1920	1080	1853	951	1853	951
5e4cf0e84d1e4ccaca5f97d3	User5	366838676	2020-02-19 09:25:12.621149	Mozilla/5.0 (X11; Ubuntu; Linux x86_64; rv:73.0) Gecko/20100101 Firefox/73.0	1920	1080	1853	951	1853	951
5e4cf0e94d1e4ccaca5f97e1	User1	366838677	2020-02-19 09:25:13.107645	Mozilla/5.0 (Linux; Android 9; Mi A1) AppleWebKit/537.36 (KHTML, like Gecko) Chrome/79.0.3945.136 Mobile Safari/537.36	360	640	360	560	360	560
5e4cf0ee4d1e4ccaca5f97e8	User1	366838680	2020-02-19 09:25:18.697664	Mozilla/5.0 (Linux; Android 9; Mi A1) AppleWebKit/537.36 (KHTML, like Gecko) Chrome/79.0.3945.136 Mobile Safari/537.36	360	640	360	560	360	560
5e4cf0f34d1e4ccaca5f9806	Alluserspreauth	366838684	2020-02-19 09:25:23.308462	Mozilla/5.0 (Linux; Android 9; Mi A1) AppleWebKit/537.36 (KHTML, like Gecko) Chrome/79.0.3945.136 Mobile Safari/537.36	360	640	360	560	360	588
5e4d21284d1e4ccaca5f9867	User1	366840267	2020-02-19 12:51:04.727574	Mozilla/5.0 (X11; Linux x86_64) AppleWebKit/537.36 (KHTML, like Gecko) Chrome/76.0.3809.132 Safari/537.36	1920	1080	952	938	952	938
5e4d30b84d1e4ccaca5f9c73	User4	366841064	2020-02-19 13:57:28.019626	Mozilla/5.0 (Windows NT 10.0; Win64; x64) AppleWebKit/537.36 (KHTML, like Gecko) Chrome/80.0.3987.116 Safari/537.36	1280	720	1280	610	1280	610
5e4d36884d1e4ccaca5fa2f9	User9	366841660	2020-02-19 14:22:16.222850	Mozilla/5.0 (X11; Ubuntu; Linux x86_64; rv:73.0) Gecko/20100101 Firefox/73.0	1760	990	1699	872	1699	872
5e4d36af4d1e4ccaca5fa34d	User9	366841684	2020-02-19 14:22:55.724653	Mozilla/5.0 (X11; Ubuntu; Linux x86_64; rv:73.0) Gecko/20100101 Firefox/73.0	1760	990	1699	872	1699	872
5e4d37184d1e4ccaca5fa690	User1	366841748	2020-02-19 14:24:40.774652	Mozilla/5.0 (X11; Linux x86_64) AppleWebKit/537.36 (KHTML, like Gecko) Chrome/76.0.3809.132 Safari/537.36	1920	1080	1920	951	1920	951
5e4d38024d1e4ccaca5fac9c	User6	366841886	2020-02-19 14:28:34.819602	Mozilla/5.0 (X11; Linux x86_64) AppleWebKit/537.36 (KHTML, like Gecko) Chrome/79.0.3945.79 Safari/537.36	1920	1080	1850	981	1850	981
5e4d38be4d1e4ccaca5fb632	User1	366842028	2020-02-19 14:31:42.931038	Mozilla/5.0 (X11; Linux x86_64) AppleWebKit/537.36 (KHTML, like Gecko) Chrome/76.0.3809.132 Safari/537.36	1920	1080	1920	951	1920	951
5e4d3b5a4d1e4ccaca5fd140	User1	366842545	2020-02-19 14:42:50.128225	Mozilla/5.0 (X11; Linux x86_64) AppleWebKit/537.36 (KHTML, like Gecko) Chrome/76.0.3809.132 Safari/537.36	1920	1080	1920	951	1920	951
5e4d3be64d1e4ccaca5fd3d4	User1	366842652	2020-02-19 14:45:10.236530	Mozilla/5.0 (X11; Linux x86_64) AppleWebKit/537.36 (KHTML, like Gecko) Chrome/76.0.3809.132 Safari/537.36	1920	1080	1920	951	1920	951
5e4d3d044d1e4ccaca5fdb19	User1	366842876	2020-02-19 14:49:56.836194	Mozilla/5.0 (X11; Linux x86_64) AppleWebKit/537.36 (KHTML, like Gecko) Chrome/76.0.3809.132 Safari/537.36	1920	1080	1920	951	1920	951
5e4d3ed74d1e4ccaca5fe0a8	User1	366843244	2020-02-19 14:57:43.833782	Mozilla/5.0 (X11; Linux x86_64) AppleWebKit/537.36 (KHTML, like Gecko) Chrome/76.0.3809.132 Safari/537.36	1920	1080	1920	951	1920	951
5e4d3eef4d1e4ccaca5fe118	User8	366843262	2020-02-19 14:58:07.274115	Mozilla/5.0 (X11; Ubuntu; Linux x86_64; rv:73.0) Gecko/20100101 Firefox/73.0	1920	1080	1853	928	1853	928
5e4d3f294d1e4ccaca5fe1c6	User9	366843320	2020-02-19 14:59:05.632816	Mozilla/5.0 (X11; Ubuntu; Linux x86_64; rv:73.0) Gecko/20100101 Firefox/73.0	1760	990	1699	872	1699	872
5e4d3f594d1e4ccaca5fe2c0	User7	366843370	2020-02-19 14:59:53.899391	Mozilla/5.0 (X11; Ubuntu; Linux x86_64; rv:73.0) Gecko/20100101 Firefox/73.0	1920	1080	1853	951	1853	951
5e4d40da4d1e4ccaca5fe599	User1	366843799	2020-02-19 15:06:18.839255	Mozilla/5.0 (X11; Linux x86_64) AppleWebKit/537.36 (KHTML, like Gecko) Chrome/76.0.3809.132 Safari/537.36	1920	1080	1920	951	1920	951
5e4d4c3a4d1e4ccaca5fe5e0	User9	366846704	2020-02-19 15:54:50.394707	Mozilla/5.0 (X11; Ubuntu; Linux x86_64; rv:73.0) Gecko/20100101 Firefox/73.0	1760	990	1699	872	1699	872
5e4d4c434d1e4ccaca5fe625	User9	366846715	2020-02-19 15:54:59.479263	Mozilla/5.0 (X11; Ubuntu; Linux x86_64; rv:73.0) Gecko/20100101 Firefox/73.0	1760	990	1699	872	1699	872
5e4d4d514d1e4ccaca5fe8c0	User1	366847028	2020-02-19 15:59:29.779420	Mozilla/5.0 (X11; Linux x86_64) AppleWebKit/537.36 (KHTML, like Gecko) Chrome/76.0.3809.132 Safari/537.36	1920	1080	1920	951	1920	951
5e4d4e374d1e4ccaca5feae9	Alluserspreauth	366847290	2020-02-19 16:03:19.879351	Mozilla/5.0 (X11; Linux x86_64) AppleWebKit/537.36 (KHTML, like Gecko) Chrome/76.0.3809.132 Safari/537.36	1920	1080	1920	951	1920	951
5e4d4e464d1e4ccaca5feb25	User1	366847308	2020-02-19 16:03:34.642935	Mozilla/5.0 (X11; Linux x86_64) AppleWebKit/537.36 (KHTML, like Gecko) Chrome/76.0.3809.132 Safari/537.36	1920	1080	1920	951	1920	951
5e4e348b4d1e4ccaca5ff115	Alluserspreauth	366872237	2020-02-20 08:26:03.092386	Mozilla/5.0 (Linux; Android 9; Mi A1) AppleWebKit/537.36 (KHTML, like Gecko) Chrome/79.0.3945.136 Mobile Safari/537.36	360	640	360	560	360	588
5e4e36234d1e4ccaca5ff127	Alluserspreauth	366872460	2020-02-20 08:32:51.831676	Mozilla/5.0 (Linux; Android 8.0.0; PRA-LX1) AppleWebKit/537.36 (KHTML, like Gecko) Chrome/80.0.3987.87 Mobile Safari/537.36	360	640	360	221	360	588
5e4e36344d1e4ccaca5ff17a	User3	366872468	2020-02-20 08:33:08.094318	Mozilla/5.0 (Linux; Android 8.0.0; PRA-LX1) AppleWebKit/537.36 (KHTML, like Gecko) Chrome/80.0.3987.87 Mobile Safari/537.36	360	640	360	518	360	518
5e4e38724d1e4ccaca5ff654	User1	366872753	2020-02-20 08:42:42.472291	Mozilla/5.0 (Linux; Android 9; Mi A1) AppleWebKit/537.36 (KHTML, like Gecko) Chrome/79.0.3945.136 Mobile Safari/537.36	360	640	360	560	360	560
5e4e3fbf4d1e4ccaca600a34	User11	366873766	2020-02-20 09:13:51.256480	Mozilla/5.0 (Linux; Android 9; Mi A3) AppleWebKit/537.36 (KHTML, like Gecko) Chrome/80.0.3987.99 Mobile Safari/537.36	360	780	360	344	360	588
5e4e3fcf4d1e4ccaca600ac1	User11	366873777	2020-02-20 09:14:07.251566	Mozilla/5.0 (Linux; Android 9; Mi A3) AppleWebKit/537.36 (KHTML, like Gecko) Chrome/80.0.3987.99 Mobile Safari/537.36	360	780	360	641	360	641
5e4e46e94d1e4ccaca601607	User1	366874619	2020-02-20 09:44:25.839295	Mozilla/5.0 (Linux; Android 9; Mi A1) AppleWebKit/537.36 (KHTML, like Gecko) Chrome/79.0.3945.136 Mobile Safari/537.36	360	640	360	560	360	560
5e4e499f4d1e4ccaca601bb5	User1	366875002	2020-02-20 09:55:59.640029	Mozilla/5.0 (Linux; Android 9; Mi A1) AppleWebKit/537.36 (KHTML, like Gecko) Chrome/79.0.3945.136 Mobile Safari/537.36	360	640	360	560	360	560
5e4e551f4d1e4ccaca6029a5	User3	366876439	2020-02-20 10:45:03.067822	Mozilla/5.0 (Linux; Android 8.0.0; PRA-LX1) AppleWebKit/537.36 (KHTML, like Gecko) Chrome/80.0.3987.87 Mobile Safari/537.36	360	640	360	518	360	588
5e4e56c54d1e4ccaca6029a7	Alluserspreauth	366876650	2020-02-20 10:52:05.932736	Mozilla/5.0 (Linux; Android 9; Mi A1) AppleWebKit/537.36 (KHTML, like Gecko) Chrome/79.0.3945.136 Mobile Safari/537.36	360	640	360	263	360	588
5e4e56d24d1e4ccaca602a1e	User1	366876661	2020-02-20 10:52:18.658564	Mozilla/5.0 (Linux; Android 9; Mi A1) AppleWebKit/537.36 (KHTML, like Gecko) Chrome/79.0.3945.136 Mobile Safari/537.36	360	640	360	560	360	560
5e4e67644d1e4ccaca602da3	User7	366878535	2020-02-20 12:03:00.662376	Mozilla/5.0 (iPhone; CPU iPhone OS 13_2_3 like Mac OS X) AppleWebKit/605.1.15 (KHTML, like Gecko) Version/13.0.3 Mobile/15E148 Safari/604.1	375	667	375	553	375	553
5e4e6bba4d1e4ccaca603a40	Alluserspreauth	366879073	2020-02-20 12:21:30.734542	Mozilla/5.0 (Linux; Android 9; Mi A1) AppleWebKit/537.36 (KHTML, like Gecko) Chrome/79.0.3945.136 Mobile Safari/537.36	360	640	360	263	360	588
5e4e6bc74d1e4ccaca603ab5	User1	366879081	2020-02-20 12:21:43.255738	Mozilla/5.0 (Linux; Android 9; Mi A1) AppleWebKit/537.36 (KHTML, like Gecko) Chrome/79.0.3945.136 Mobile Safari/537.36	360	640	360	560	360	560
5e4e6f054d1e4ccaca603b6b	User1	366879478	2020-02-20 12:35:33.038642	Mozilla/5.0 (Linux; Android 9; Mi A1) AppleWebKit/537.36 (KHTML, like Gecko) Chrome/79.0.3945.136 Mobile Safari/537.36	360	640	360	560	360	588
5e4e74954d1e4ccaca603b6f	User9	366880096	2020-02-20 12:59:17.134971	Mozilla/5.0 (X11; Ubuntu; Linux x86_64; rv:73.0) Gecko/20100101 Firefox/73.0	1760	990	1699	872	1699	872
5e4e7aeb4d1e4ccaca603b7b	Alluserspreauth	366880745	2020-02-20 13:26:19.935907	Mozilla/5.0 (Linux; Android 8.0.0; PRA-LX1) AppleWebKit/537.36 (KHTML, like Gecko) Chrome/80.0.3987.87 Mobile Safari/537.36	360	640	360	221	360	588
5e4e7afa4d1e4ccaca603bc5	User3	366880752	2020-02-20 13:26:34.003942	Mozilla/5.0 (Linux; Android 8.0.0; PRA-LX1) AppleWebKit/537.36 (KHTML, like Gecko) Chrome/80.0.3987.87 Mobile Safari/537.36	360	640	360	518	360	518
5e4e7e314d1e4ccaca604129	User1	366881167	2020-02-20 13:40:17.369444	Mozilla/5.0 (Linux; Android 9; Mi A1) AppleWebKit/537.36 (KHTML, like Gecko) Chrome/79.0.3945.136 Mobile Safari/537.36	360	640	360	560	360	560
5e4e82f04d1e4ccaca6042d0	Alluserspreauth	366881722	2020-02-20 14:00:32.938553	Mozilla/5.0 (Linux; Android 8.0.0; PRA-LX1) AppleWebKit/537.36 (KHTML, like Gecko) Chrome/80.0.3987.87 Mobile Safari/537.36	360	640	360	518	360	588
5e4e83044d1e4ccaca6042ea	User1	366881737	2020-02-20 14:00:52.943227	Mozilla/5.0 (Linux; Android 9; Mi A1) AppleWebKit/537.36 (KHTML, like Gecko) Chrome/79.0.3945.136 Mobile Safari/537.36	360	640	360	560	360	560
5e4e83194d1e4ccaca6043c4	User3	366881753	2020-02-20 14:01:13.937647	Mozilla/5.0 (Linux; Android 8.0.0; PRA-LX1) AppleWebKit/537.36 (KHTML, like Gecko) Chrome/80.0.3987.87 Mobile Safari/537.36	360	640	360	518	360	518
5e4e83594d1e4ccaca604761	User1	366881803	2020-02-20 14:02:17.008147	Mozilla/5.0 (Linux; Android 9; Mi A1) AppleWebKit/537.36 (KHTML, like Gecko) Chrome/79.0.3945.136 Mobile Safari/537.36	360	640	360	263	360	588
5e4e83634d1e4ccaca604826	User1	366881811	2020-02-20 14:02:27.402040	Mozilla/5.0 (Linux; Android 9; Mi A1) AppleWebKit/537.36 (KHTML, like Gecko) Chrome/79.0.3945.136 Mobile Safari/537.36	360	640	360	560	360	560
5e4e864d4d1e4ccaca605ae5	User3	366882284	2020-02-20 14:14:53.277366	Mozilla/5.0 (Linux; Android 8.0.0; PRA-LX1) AppleWebKit/537.36 (KHTML, like Gecko) Chrome/80.0.3987.87 Mobile Safari/537.36	360	640	360	518	360	518
5e4e86eb4d1e4ccaca605d4a	User3	366882379	2020-02-20 14:17:31.934983	Mozilla/5.0 (Linux; Android 8.0.0; PRA-LX1) AppleWebKit/537.36 (KHTML, like Gecko) Chrome/80.0.3987.87 Mobile Safari/537.36	360	640	360	518	360	518
5e4e874c4d1e4ccaca605f0d	User3	366882448	2020-02-20 14:19:08.371296	Mozilla/5.0 (Linux; Android 8.0.0; PRA-LX1) AppleWebKit/537.36 (KHTML, like Gecko) Chrome/80.0.3987.87 Mobile Safari/537.36	360	640	360	518	360	518
5e4e880b4d1e4ccaca605f96	User3	366882558	2020-02-20 14:22:19.047011	Mozilla/5.0 (Linux; Android 8.0.0; PRA-LX1) AppleWebKit/537.36 (KHTML, like Gecko) Chrome/80.0.3987.87 Mobile Safari/537.36	360	640	360	518	360	518
5e4e881c4d1e4ccaca605ff5	Alluserspreauth	366882572	2020-02-20 14:22:36.545481	Mozilla/5.0 (iPhone; CPU iPhone OS 13_2_3 like Mac OS X) AppleWebKit/605.1.15 (KHTML, like Gecko) Version/13.0.3 Mobile/15E148 Safari/604.1	375	667	375	553	375	553
5e4e88214d1e4ccaca606048	Alluserspreauth	366882576	2020-02-20 14:22:41.675665	Mozilla/5.0 (iPhone; CPU iPhone OS 13_2_3 like Mac OS X) AppleWebKit/605.1.15 (KHTML, like Gecko) Version/13.0.3 Mobile/15E148 Safari/604.1	375	667	375	553	375	587
5e4e88284d1e4ccaca60608e	User7	366882582	2020-02-20 14:22:48.438026	Mozilla/5.0 (iPhone; CPU iPhone OS 13_2_3 like Mac OS X) AppleWebKit/605.1.15 (KHTML, like Gecko) Version/13.0.3 Mobile/15E148 Safari/604.1	375	667	375	553	375	553
5e4e89a84d1e4ccaca607583	User3	366882903	2020-02-20 14:29:12.551000	Mozilla/5.0 (Linux; Android 8.0.0; PRA-LX1) AppleWebKit/537.36 (KHTML, like Gecko) Chrome/80.0.3987.87 Mobile Safari/537.36	360	640	360	518	360	518
5e4e8ad44d1e4ccaca607bbb	User7	366883124	2020-02-20 14:34:12.626305	Mozilla/5.0 (iPhone; CPU iPhone OS 13_2_3 like Mac OS X) AppleWebKit/605.1.15 (KHTML, like Gecko) Version/13.0.3 Mobile/15E148 Safari/604.1	375	667	375	553	375	553
5e4e901f4d1e4ccaca608065	Alluserspreauth	366883889	2020-02-20 14:56:47.155983	Mozilla/5.0 (Android 9; Mobile; rv:68.0) Gecko/68.0 Firefox/68.0	360	736	360	390	360	589
5e4e90284d1e4ccaca6080c0	User2	366883894	2020-02-20 14:56:56.022475	Mozilla/5.0 (Android 9; Mobile; rv:68.0) Gecko/68.0 Firefox/68.0	360	736	360	680	360	680
5e4ea13d4d1e4ccaca6089a9	Alluserspreauth	366885775	2020-02-20 16:09:49.039269	Mozilla/5.0 (Linux; Android 9; Mi A1) AppleWebKit/537.36 (KHTML, like Gecko) Chrome/79.0.3945.136 Mobile Safari/537.36	360	640	360	263	360	588
5e4ea1484d1e4ccaca608a1e	User1	366885782	2020-02-20 16:10:00.918695	Mozilla/5.0 (Linux; Android 9; Mi A1) AppleWebKit/537.36 (KHTML, like Gecko) Chrome/79.0.3945.136 Mobile Safari/537.36	360	640	360	560	360	560
5e4ea9224d1e4ccaca608bea	Alluserspreauth	366886651	2020-02-20 16:43:30.179227	Mozilla/5.0 (Linux; Android 8.0.0; F5121) AppleWebKit/537.36 (KHTML, like Gecko) Chrome/80.0.3987.99 Mobile Safari/537.36	360	640	360	212	360	588
5e4ea9404d1e4ccaca608cde	User4	366886670	2020-02-20 16:44:00.497264	Mozilla/5.0 (Linux; Android 8.0.0; F5121) AppleWebKit/537.36 (KHTML, like Gecko) Chrome/80.0.3987.99 Mobile Safari/537.36	360	640	360	512	360	512
5e4eb8ed4d1e4ccaca6097b8	Alluserspreauth	366888448	2020-02-20 17:50:53.299468	Mozilla/5.0 (Linux; Android 8.0.0; F5121) AppleWebKit/537.36 (KHTML, like Gecko) Chrome/80.0.3987.99 Mobile Safari/537.36	360	640	360	512	360	588
5e4eb9164d1e4ccaca6098cb	User4	366888473	2020-02-20 17:51:34.519748	Mozilla/5.0 (Linux; Android 8.0.0; F5121) AppleWebKit/537.36 (KHTML, like Gecko) Chrome/80.0.3987.99 Mobile Safari/537.36	360	640	360	512	360	512
5e4ec1694d1e4ccaca60997f	Alluserspreauth	366889354	2020-02-20 18:27:05.656094	Mozilla/5.0 (iPhone; CPU iPhone OS 13_2_3 like Mac OS X) AppleWebKit/605.1.15 (KHTML, like Gecko) Version/13.0.3 Mobile/15E148 Safari/604.1	375	667	375	553	375	553
5e4ec16e4d1e4ccaca609982	User7	366889357	2020-02-20 18:27:10.305218	Mozilla/5.0 (iPhone; CPU iPhone OS 13_2_3 like Mac OS X) AppleWebKit/605.1.15 (KHTML, like Gecko) Version/13.0.3 Mobile/15E148 Safari/604.1	375	667	375	553	375	587
5e4ec1734d1e4ccaca609993	User7	366889360	2020-02-20 18:27:15.365513	Mozilla/5.0 (iPhone; CPU iPhone OS 13_2_3 like Mac OS X) AppleWebKit/605.1.15 (KHTML, like Gecko) Version/13.0.3 Mobile/15E148 Safari/604.1	375	667	375	553	375	553
5e4ecfb54d1e4ccaca609b96	User1	366890835	2020-02-20 19:28:05.112483	Mozilla/5.0 (Linux; Android 9; Mi A1) AppleWebKit/537.36 (KHTML, like Gecko) Chrome/79.0.3945.136 Mobile Safari/537.36	360	640	360	560	360	560
5e4eddec4d1e4ccaca609ba2	Alluserspreauth	366892290	2020-02-20 20:28:44.179767	Mozilla/5.0 (Linux; Android 8.0.0; PRA-LX1) AppleWebKit/537.36 (KHTML, like Gecko) Chrome/80.0.3987.87 Mobile Safari/537.36	360	640	360	518	360	588
5e4ee8a94d1e4ccaca609bdb	User4	366893489	2020-02-20 21:14:33.247033	Mozilla/5.0 (Linux; Android 8.0.0; F5121) AppleWebKit/537.36 (KHTML, like Gecko) Chrome/80.0.3987.99 Mobile Safari/537.36	360	640	360	512	360	512
5e4eea604d1e4ccaca609f75	User4	366893714	2020-02-20 21:21:52.248188	Mozilla/5.0 (Linux; Android 8.0.0; F5121) AppleWebKit/537.36 (KHTML, like Gecko) Chrome/80.0.3987.99 Mobile Safari/537.36	360	640	360	512	360	512
5e4ef08b4d1e4ccaca609fa8	Alluserspreauth	366894362	2020-02-20 21:48:11.777811	Mozilla/5.0 (Linux; Android 8.0.0; PRA-LX1) AppleWebKit/537.36 (KHTML, like Gecko) Chrome/80.0.3987.87 Mobile Safari/537.36	360	640	360	518	360	588
5e4f88c64d1e4ccaca609fec	Alluserspreauth	366910020	2020-02-21 08:37:42.935044	Mozilla/5.0 (Linux; Android 9; Mi A1) AppleWebKit/537.36 (KHTML, like Gecko) Chrome/79.0.3945.136 Mobile Safari/537.36	360	640	360	263	360	588
5e4f88d14d1e4ccaca60a064	User1	366910028	2020-02-21 08:37:53.702408	Mozilla/5.0 (Linux; Android 9; Mi A1) AppleWebKit/537.36 (KHTML, like Gecko) Chrome/79.0.3945.136 Mobile Safari/537.36	360	640	360	560	360	560
5e4f89824d1e4ccaca60a0ed	User1	366910103	2020-02-21 08:40:50.012066	Mozilla/5.0 (Linux; Android 9; Mi A1) AppleWebKit/537.36 (KHTML, like Gecko) Chrome/79.0.3945.136 Mobile Safari/537.36	360	640	360	560	360	560
5e4f898a4d1e4ccaca60a113	Alluserspreauth	366910108	2020-02-21 08:40:58.849221	Mozilla/5.0 (Windows NT 10.0; Win64; x64) AppleWebKit/537.36 (KHTML, like Gecko) Chrome/79.0.3945.130 Safari/537.36	1536	864	1536	754	1536	754
5e4f89924d1e4ccaca60a153	User1	366910115	2020-02-21 08:41:06.883585	Mozilla/5.0 (Windows NT 10.0; Win64; x64) AppleWebKit/537.36 (KHTML, like Gecko) Chrome/79.0.3945.130 Safari/537.36	1536	864	1536	754	1536	754
5e4f8ad74d1e4ccaca60a2ae	Alluserspreauth	366910322	2020-02-21 08:46:31.891985	Mozilla/5.0 (Windows NT 10.0; Win64; x64) AppleWebKit/537.36 (KHTML, like Gecko) Chrome/79.0.3945.130 Safari/537.36	1536	864	1536	754	1536	754
5e4f977f4d1e4ccaca60a2b5	Alluserspreauth	366911665	2020-02-21 09:40:31.937306	Mozilla/5.0 (X11; Linux x86_64) AppleWebKit/537.36 (KHTML, like Gecko) Chrome/80.0.3987.87 Safari/537.36	1920	1080	1853	949	1853	949
5e4f979a4d1e4ccaca60a320	User1	366911682	2020-02-21 09:40:58.907241	Mozilla/5.0 (X11; Linux x86_64) AppleWebKit/537.36 (KHTML, like Gecko) Chrome/80.0.3987.87 Safari/537.36	1920	1080	1853	949	1853	949
5e4f9b074d1e4ccaca60a5bb	Alluserspreauth	366912208	2020-02-21 09:55:35.975775	Mozilla/5.0 (Windows NT 10.0; Win64; x64) AppleWebKit/537.36 (KHTML, like Gecko) Chrome/80.0.3987.116 Safari/537.36	1280	720	1280	610	1280	610
5e4f9b1a4d1e4ccaca60a5ec	User3	366912220	2020-02-21 09:55:54.083821	Mozilla/5.0 (Windows NT 10.0; Win64; x64) AppleWebKit/537.36 (KHTML, like Gecko) Chrome/80.0.3987.116 Safari/537.36	1280	720	1280	610	1280	610
5e4f9b4e4d1e4ccaca60a5f0	User3	366912256	2020-02-21 09:56:46.769257	Mozilla/5.0 (Windows NT 10.0; Win64; x64) AppleWebKit/537.36 (KHTML, like Gecko) Chrome/80.0.3987.116 Safari/537.36	1280	720	1280	610	1280	610
5e4f9dd84d1e4ccaca60abbe	User1	366912773	2020-02-21 10:07:36.538020	Mozilla/5.0 (Linux; Android 9; Mi A1) AppleWebKit/537.36 (KHTML, like Gecko) Chrome/79.0.3945.136 Mobile Safari/537.36	360	640	360	560	360	560
5e4f9dda4d1e4ccaca60abdc	Alluserspreauth	366912775	2020-02-21 10:07:38.800006	Mozilla/5.0 (X11; Linux x86_64) AppleWebKit/537.36 (KHTML, like Gecko) Chrome/79.0.3945.79 Safari/537.36	1920	1080	1850	981	1850	981
5e4f9ddf4d1e4ccaca60ac0e	Alluserspreauth	366912782	2020-02-21 10:07:43.932266	Mozilla/5.0 (Linux; Android 9; Mi A1) AppleWebKit/537.36 (KHTML, like Gecko) Chrome/79.0.3945.136 Mobile Safari/537.36	360	640	360	560	360	588
5e4f9de84d1e4ccaca60ac9a	User6	366912793	2020-02-21 10:07:52.043992	Mozilla/5.0 (X11; Linux x86_64) AppleWebKit/537.36 (KHTML, like Gecko) Chrome/79.0.3945.79 Safari/537.36	1920	1080	1850	981	1850	981
5e4f9e034d1e4ccaca60adba	User11	366912821	2020-02-21 10:08:19.529038	Mozilla/5.0 (Linux; Android 9; Mi A1) AppleWebKit/537.36 (KHTML, like Gecko) Chrome/79.0.3945.136 Mobile Safari/537.36	360	640	360	560	360	560
5e4f9ebe4d1e4ccaca60b264	Alluserspreauth	366913008	2020-02-21 10:11:26.905108	Mozilla/5.0 (X11; Ubuntu; Linux x86_64; rv:73.0) Gecko/20100101 Firefox/73.0	1760	990	1699	872	1699	872
5e4f9ed84d1e4ccaca60b312	User9	366913035	2020-02-21 10:11:52.518300	Mozilla/5.0 (X11; Ubuntu; Linux x86_64; rv:73.0) Gecko/20100101 Firefox/73.0	1760	990	1699	872	1699	872
5e4f9f814d1e4ccaca60b447	User9	366913200	2020-02-21 10:14:41.191705	Mozilla/5.0 (X11; Ubuntu; Linux x86_64; rv:73.0) Gecko/20100101 Firefox/73.0	1760	990	1699	872	1699	872
5e4f9f864d1e4ccaca60b46f	User9	366913207	2020-02-21 10:14:46.303016	Mozilla/5.0 (X11; Ubuntu; Linux x86_64; rv:73.0) Gecko/20100101 Firefox/73.0	1760	990	1699	872	1699	872
5e4f9f984d1e4ccaca60b546	Alluserspreauth	366913230	2020-02-21 10:15:04.078909	Mozilla/5.0 (X11; Linux x86_64) AppleWebKit/537.36 (KHTML, like Gecko) Chrome/79.0.3945.79 Safari/537.36	1920	1080	1850	981	1850	981
5e4f9fe14d1e4ccaca60b822	User5	366913319	2020-02-21 10:16:17.255913	Mozilla/5.0 (X11; Linux x86_64) AppleWebKit/537.36 (KHTML, like Gecko) Chrome/79.0.3945.79 Safari/537.36	1920	1080	1850	981	1850	981
5e4f9fe64d1e4ccaca60b874	User5	366913325	2020-02-21 10:16:22.409262	Mozilla/5.0 (X11; Linux x86_64) AppleWebKit/537.36 (KHTML, like Gecko) Chrome/79.0.3945.79 Safari/537.36	1920	1080	1850	981	1850	981
5e4f9ff94d1e4ccaca60ba76	User2	366913348	2020-02-21 10:16:41.674038	Mozilla/5.0 (X11; Linux x86_64; rv:73.0) Gecko/20100101 Firefox/73.0	1920	1080	1856	919	1856	919
5e4fa00b4d1e4ccaca60bc7c	User8	366913373	2020-02-21 10:16:59.856908	Mozilla/5.0 (X11; Linux x86_64; rv:73.0) Gecko/20100101 Firefox/73.0	1920	1080	1856	919	1856	919
5e4fa0d14d1e4ccaca60cf4b	Alluserspreauth	366913628	2020-02-21 10:20:17.621965	Mozilla/5.0 (X11; Linux x86_64) AppleWebKit/537.36 (KHTML, like Gecko) Chrome/79.0.3945.79 Safari/537.36	1920	1080	1850	981	1850	981
5e4fa0dd4d1e4ccaca60d06f	User3	366913646	2020-02-21 10:20:29.641564	Mozilla/5.0 (X11; Linux x86_64) AppleWebKit/537.36 (KHTML, like Gecko) Chrome/79.0.3945.79 Safari/537.36	1920	1080	1850	981	1850	981
5e4fa22a4d1e4ccaca60dc4f	User11	366914070	2020-02-21 10:26:02.107984	Mozilla/5.0 (Linux; Android 9; Mi A1) AppleWebKit/537.36 (KHTML, like Gecko) Chrome/79.0.3945.136 Mobile Safari/537.36	360	640	360	560	360	560
5e4fa3bd4d1e4ccaca60eea5	Alluserspreauth	366914623	2020-02-21 10:32:45.831851	Mozilla/5.0 (X11; Linux x86_64) AppleWebKit/537.36 (KHTML, like Gecko) Chrome/80.0.3987.87 Safari/537.36	1920	1080	1853	949	1853	949
5e4fa3c74d1e4ccaca60eeb6	User5	366914634	2020-02-21 10:32:55.071633	Mozilla/5.0 (X11; Linux x86_64) AppleWebKit/537.36 (KHTML, like Gecko) Chrome/80.0.3987.87 Safari/537.36	1920	1080	1853	949	1853	949
5e4fa4894d1e4ccaca60f7bd	Alluserspreauth	366914900	2020-02-21 10:36:09.689397	Mozilla/5.0 (Linux; Android 9; Mi A1) AppleWebKit/537.36 (KHTML, like Gecko) Chrome/79.0.3945.136 Mobile Safari/537.36	360	640	360	355	360	588
5e4fa4ab4d1e4ccaca60f931	Alluserspreauth	366914947	2020-02-21 10:36:43.323331	Mozilla/5.0 (X11; Linux x86_64) AppleWebKit/537.36 (KHTML, like Gecko) Chrome/76.0.3809.132 Safari/537.36	1920	1080	1920	951	1920	951
5e4fa4b44d1e4ccaca60f9b3	User6	366914961	2020-02-21 10:36:52.899368	Mozilla/5.0 (X11; Linux x86_64) AppleWebKit/537.36 (KHTML, like Gecko) Chrome/76.0.3809.132 Safari/537.36	1920	1080	1920	951	1920	951
5e4fa4cb4d1e4ccaca60fb13	User9	366914995	2020-02-21 10:37:15.915065	Mozilla/5.0 (X11; Ubuntu; Linux x86_64; rv:73.0) Gecko/20100101 Firefox/73.0	1760	990	1699	872	1699	872
5e4fa4e04d1e4ccaca60fc12	User9	366915030	2020-02-21 10:37:36.360153	Mozilla/5.0 (X11; Ubuntu; Linux x86_64; rv:73.0) Gecko/20100101 Firefox/73.0	1760	990	1699	872	1699	872
5e4fa7834d1e4ccaca610952	User8	366916048	2020-02-21 10:48:51.550354	Mozilla/5.0 (X11; Ubuntu; Linux x86_64; rv:73.0) Gecko/20100101 Firefox/73.0	1920	1080	1853	928	1853	928
5e4fa7894d1e4ccaca610977	Alluserspreauth	366916058	2020-02-21 10:48:57.306859	Mozilla/5.0 (X11; Ubuntu; Linux x86_64; rv:73.0) Gecko/20100101 Firefox/73.0	1920	1080	1853	928	1853	928
5e4fa7ac4d1e4ccaca610a10	User3	366916113	2020-02-21 10:49:32.381572	Mozilla/5.0 (X11; Ubuntu; Linux x86_64; rv:73.0) Gecko/20100101 Firefox/73.0	1920	1080	1853	928	1853	928
5e4fa7e34d1e4ccaca610c7b	Alluserspreauth	366916191	2020-02-21 10:50:27.634500	Mozilla/5.0 (X11; Ubuntu; Linux x86_64; rv:73.0) Gecko/20100101 Firefox/73.0	1920	1080	1853	951	1853	951
5e4fa87c4d1e4ccaca610e9c	User6	366916394	2020-02-21 10:53:00.098812	Mozilla/5.0 (X11; Linux x86_64) AppleWebKit/537.36 (KHTML, like Gecko) Chrome/76.0.3809.132 Safari/537.36	1920	1080	1920	951	1889	2423
5e4fa88b4d1e4ccaca610ed3	User9	366916411	2020-02-21 10:53:15.041197	Mozilla/5.0 (X11; Ubuntu; Linux x86_64; rv:73.0) Gecko/20100101 Firefox/73.0	1760	990	1699	872	1699	872
5e4fa88b4d1e4ccaca610ee8	User6	366916413	2020-02-21 10:53:15.408812	Mozilla/5.0 (X11; Linux x86_64) AppleWebKit/537.36 (KHTML, like Gecko) Chrome/76.0.3809.132 Safari/537.36	1920	1080	1920	951	1920	951
5e4fa8944d1e4ccaca610f04	User2	366916425	2020-02-21 10:53:24.382877	Mozilla/5.0 (X11; Ubuntu; Linux x86_64; rv:73.0) Gecko/20100101 Firefox/73.0	1920	1080	1853	951	1853	951
5e4fa89a4d1e4ccaca610f4f	User2	366916435	2020-02-21 10:53:30.242899	Mozilla/5.0 (X11; Ubuntu; Linux x86_64; rv:73.0) Gecko/20100101 Firefox/73.0	1920	1080	1853	951	1853	951
5e4fa8ff4d1e4ccaca611579	Alluserspreauth	366916598	2020-02-21 10:55:11.171933	Mozilla/5.0 (X11; Ubuntu; Linux x86_64; rv:73.0) Gecko/20100101 Firefox/73.0	1920	1080	1853	928	1853	928
5e4fa9084d1e4ccaca61160d	User7	366916610	2020-02-21 10:55:20.139664	Mozilla/5.0 (X11; Ubuntu; Linux x86_64; rv:73.0) Gecko/20100101 Firefox/73.0	1920	1080	1853	928	1853	928
5e4fa9224d1e4ccaca6117d7	Alluserspreauth	366916656	2020-02-21 10:55:46.737723	Mozilla/5.0 (X11; Ubuntu; Linux x86_64; rv:73.0) Gecko/20100101 Firefox/73.0	1760	990	1699	872	1699	872
5e4fa9324d1e4ccaca6119fe	User8	366916682	2020-02-21 10:56:02.651438	Mozilla/5.0 (X11; Ubuntu; Linux x86_64; rv:73.0) Gecko/20100101 Firefox/73.0	1760	990	1699	872	1699	872
5e4fa94d4d1e4ccaca611c27	User10	366916723	2020-02-21 10:56:29.253903	Mozilla/5.0 (Windows NT 10.0; Win64; x64) AppleWebKit/537.36 (KHTML, like Gecko) Chrome/79.0.3945.130 Safari/537.36	1600	900	1600	789	1600	789
5e4fa96f4d1e4ccaca611f04	User8	366916785	2020-02-21 10:57:03.559875	Mozilla/5.0 (Windows NT 10.0; Win64; x64) AppleWebKit/537.36 (KHTML, like Gecko) Chrome/79.0.3945.130 Safari/537.36	1600	900	1600	789	1600	789
5e4fa9704d1e4ccaca611f07	Alluserspreauth	366916786	2020-02-21 10:57:04.037346	Mozilla/5.0 (X11; Linux x86_64; rv:73.0) Gecko/20100101 Firefox/73.0	1920	1080	1856	919	1856	919
5e4fa9704d1e4ccaca611f14	User6	366916787	2020-02-21 10:57:04.101439	Mozilla/5.0 (X11; Ubuntu; Linux x86_64; rv:73.0) Gecko/20100101 Firefox/73.0	1920	1080	1853	928	1853	928
5e4fa9764d1e4ccaca611f39	User6	366916796	2020-02-21 10:57:10.133227	Mozilla/5.0 (X11; Ubuntu; Linux x86_64; rv:73.0) Gecko/20100101 Firefox/73.0	1920	1080	1853	928	1853	928
5e4fa9d24d1e4ccaca6125a8	Alluserspreauth	366916944	2020-02-21 10:58:42.799691	Mozilla/5.0 (X11; Linux x86_64) AppleWebKit/537.36 (KHTML, like Gecko) Chrome/76.0.3809.132 Safari/537.36	1920	1080	1920	951	1920	951
5e4fa9db4d1e4ccaca612681	User11	366916957	2020-02-21 10:58:51.135201	Mozilla/5.0 (X11; Linux x86_64) AppleWebKit/537.36 (KHTML, like Gecko) Chrome/76.0.3809.132 Safari/537.36	1920	1080	1920	951	1920	951
5e4faa5b4d1e4ccaca612ab4	Alluserspreauth	366917158	2020-02-21 11:00:59.148535	Mozilla/5.0 (Windows NT 10.0; Win64; x64) AppleWebKit/537.36 (KHTML, like Gecko) Chrome/79.0.3945.130 Safari/537.36	1600	900	1600	789	1600	789
5e4fae274d1e4ccaca612ee2	Alluserspreauth	366918424	2020-02-21 11:17:11.538084	Mozilla/5.0 (iPhone; CPU iPhone OS 13_3_1 like Mac OS X) AppleWebKit/605.1.15 (KHTML, like Gecko) Version/13.0.5 Mobile/15E148 Safari/604.1	375	812	375	563	375	635
5e4fae734d1e4ccaca612f4a	User9	366918519	2020-02-21 11:18:27.213930	Mozilla/5.0 (iPhone; CPU iPhone OS 13_3_1 like Mac OS X) AppleWebKit/605.1.15 (KHTML, like Gecko) Version/13.0.5 Mobile/15E148 Safari/604.1	375	812	375	383	375	635
5e4fb3b84d1e4ccaca61386a	Alluserspreauth	366920046	2020-02-21 11:40:56.561856	Mozilla/5.0 (X11; Linux x86_64) AppleWebKit/537.36 (KHTML, like Gecko) Chrome/79.0.3945.79 Safari/537.36	1920	1080	1850	981	1850	981
5e4fb3e14d1e4ccaca61389f	User1	366920096	2020-02-21 11:41:37.627986	Mozilla/5.0 (X11; Linux x86_64) AppleWebKit/537.36 (KHTML, like Gecko) Chrome/79.0.3945.79 Safari/537.36	1920	1080	1850	981	1850	981
5e4fbad94d1e4ccaca613e82	User5	366922025	2020-02-21 12:11:21.679029	Mozilla/5.0 (X11; Ubuntu; Linux x86_64; rv:73.0) Gecko/20100101 Firefox/73.0	1920	1080	1853	951	1853	951
5e4fbade4d1e4ccaca613e90	User5	366922031	2020-02-21 12:11:26.869556	Mozilla/5.0 (X11; Ubuntu; Linux x86_64; rv:73.0) Gecko/20100101 Firefox/73.0	1920	1080	1853	951	1853	951
5e4fbcdb4d1e4ccaca614157	Alluserspreauth	366922540	2020-02-21 12:19:55.340106	Mozilla/5.0 (Windows NT 10.0; Win64; x64) AppleWebKit/537.36 (KHTML, like Gecko) Chrome/64.0.3282.140 Safari/537.36 Edge/18.17763	2560	1440	2560	1289	2560	1290
5e4fbd0b4d1e4ccaca61424f	User5	366922597	2020-02-21 12:20:43.528148	Mozilla/5.0 (Windows NT 10.0; Win64; x64) AppleWebKit/537.36 (KHTML, like Gecko) Chrome/64.0.3282.140 Safari/537.36 Edge/18.17763	2560	1440	2560	1289	2560	1290
5e4fbe904d1e4ccaca6148b7	User8	366923064	2020-02-21 12:27:12.803587	Mozilla/5.0 (X11; Ubuntu; Linux x86_64; rv:73.0) Gecko/20100101 Firefox/73.0	1760	990	1699	872	1699	872
5e4fbeb04d1e4ccaca6148e6	User9	366923109	2020-02-21 12:27:44.977914	Mozilla/5.0 (X11; Ubuntu; Linux x86_64; rv:73.0) Gecko/20100101 Firefox/73.0	1760	990	1699	872	1699	872
5e4fbef64d1e4ccaca614947	Alluserspreauth	366923206	2020-02-21 12:28:54.226039	Mozilla/5.0 (X11; Linux x86_64) AppleWebKit/537.36 (KHTML, like Gecko) Chrome/80.0.3987.87 Safari/537.36	1920	1080	1853	900	1853	900
5e4fbf024d1e4ccaca614988	User10	366923221	2020-02-21 12:29:06.451004	Mozilla/5.0 (X11; Linux x86_64) AppleWebKit/537.36 (KHTML, like Gecko) Chrome/80.0.3987.87 Safari/537.36	1920	1080	1853	900	1853	900
5e4fc00f4d1e4ccaca615ac8	Alluserspreauth	366923544	2020-02-21 12:33:35.925273	Mozilla/5.0 (Windows NT 10.0; Win64; x64) AppleWebKit/537.36 (KHTML, like Gecko) Chrome/64.0.3282.140 Safari/537.36 Edge/18.17763	2560	1440	2560	1289	2560	1290
5e4fc0464d1e4ccaca615b5d	User6	366923610	2020-02-21 12:34:30.380206	Mozilla/5.0 (Windows NT 10.0; Win64; x64) AppleWebKit/537.36 (KHTML, like Gecko) Chrome/64.0.3282.140 Safari/537.36 Edge/18.17763	2560	1440	2560	1289	2560	1290
5e4fc20d4d1e4ccaca617db8	User7	366924156	2020-02-21 12:42:05.456181	Mozilla/5.0 (X11; Linux x86_64) AppleWebKit/537.36 (KHTML, like Gecko) Chrome/76.0.3809.132 Safari/537.36	1920	1080	1920	951	1920	951
5e4fc2124d1e4ccaca617e38	User7	366924162	2020-02-21 12:42:10.561213	Mozilla/5.0 (X11; Linux x86_64) AppleWebKit/537.36 (KHTML, like Gecko) Chrome/76.0.3809.132 Safari/537.36	1920	1080	1920	951	1920	951
5e4fc2484d1e4ccaca618351	Alluserspreauth	366924226	2020-02-21 12:43:04.178859	Mozilla/5.0 (Windows NT 10.0; Win64; x64) AppleWebKit/537.36 (KHTML, like Gecko) Chrome/64.0.3282.140 Safari/537.36 Edge/18.17763	2560	1440	2560	1289	2560	1290
5e4fc3d44d1e4ccaca618744	Alluserspreauth	366924623	2020-02-21 12:49:40.105595	Mozilla/5.0 (X11; Ubuntu; Linux x86_64; rv:73.0) Gecko/20100101 Firefox/73.0	1920	1080	1853	928	1853	928
5e4fc3d54d1e4ccaca618758	Alluserspreauth	366924626	2020-02-21 12:49:41.506326	Mozilla/5.0 (X11; Ubuntu; Linux x86_64; rv:73.0) Gecko/20100101 Firefox/73.0	1920	1080	1853	928	1853	928
5e4fcd884d1e4ccaca618833	Alluserspreauth	366926620	2020-02-21 13:31:04.217981	Mozilla/5.0 (X11; Linux x86_64) AppleWebKit/537.36 (KHTML, like Gecko) Chrome/76.0.3809.132 Safari/537.36	1920	1080	1920	902	1920	902
5e4fd1524d1e4ccaca618a24	Alluserspreauth	366927580	2020-02-21 13:47:14.630135	Mozilla/5.0 (Linux; Android 9; Mi A1) AppleWebKit/537.36 (KHTML, like Gecko) Chrome/79.0.3945.136 Mobile Safari/537.36	360	640	360	263	360	588
5e4fd1674d1e4ccaca618b05	User2	366927605	2020-02-21 13:47:35.980857	Mozilla/5.0 (Linux; Android 9; Mi A1) AppleWebKit/537.36 (KHTML, like Gecko) Chrome/79.0.3945.136 Mobile Safari/537.36	360	640	360	560	360	560
5e4fd1dc4d1e4ccaca618f0d	Alluserspreauth	366927748	2020-02-21 13:49:32.613104	Mozilla/5.0 (Linux; Android 9; Mi A1) AppleWebKit/537.36 (KHTML, like Gecko) Chrome/79.0.3945.136 Mobile Safari/537.36	360	640	360	560	360	588
5e4fd1e54d1e4ccaca618f15	Alluserspreauth	366927758	2020-02-21 13:49:41.992085	Mozilla/5.0 (Linux; Android 9; Mi A1) AppleWebKit/537.36 (KHTML, like Gecko) Chrome/79.0.3945.136 Mobile Safari/537.36	360	640	360	560	360	588
5e4fd2ca4d1e4ccaca618f19	Alluserspreauth	366927991	2020-02-21 13:53:30.290889	Mozilla/5.0 (X11; Linux x86_64) AppleWebKit/537.36 (KHTML, like Gecko) Chrome/80.0.3987.87 Safari/537.36	1920	1080	1853	900	1853	900
5e4fd2e14d1e4ccaca618f43	User3	366928013	2020-02-21 13:53:53.035468	Mozilla/5.0 (X11; Linux x86_64) AppleWebKit/537.36 (KHTML, like Gecko) Chrome/80.0.3987.87 Safari/537.36	1920	1080	1853	900	1853	900
5e4fd3054d1e4ccaca619112	Alluserspreauth	366928050	2020-02-21 13:54:29.054084	Mozilla/5.0 (Android 9; Mobile; rv:68.0) Gecko/68.0 Firefox/68.0	396	744	396	382	396	893
5e4fd3464d1e4ccaca6195d1	Alluserspreauth	366928127	2020-02-21 13:55:34.837613	Mozilla/5.0 (X11; Linux x86_64) AppleWebKit/537.36 (KHTML, like Gecko) Chrome/80.0.3987.87 Safari/537.36	1920	1080	1853	900	1853	900
5e4fd9ee4d1e4ccaca6197d7	Alluserspreauth	366929672	2020-02-21 14:23:58.276332	Mozilla/5.0 (Windows NT 10.0; Win64; x64) AppleWebKit/537.36 (KHTML, like Gecko) Chrome/80.0.3987.116 Safari/537.36	1280	720	1280	610	1280	610
5e4fd9f94d1e4ccaca619832	User4	366929683	2020-02-21 14:24:09.811390	Mozilla/5.0 (Windows NT 10.0; Win64; x64) AppleWebKit/537.36 (KHTML, like Gecko) Chrome/80.0.3987.116 Safari/537.36	1280	720	1280	610	1280	610
5e4fdbbe4d1e4ccaca619e3a	Alluserspreauth	366930020	2020-02-21 14:31:42.811834	Mozilla/5.0 (Android 9; Mobile; rv:68.0) Gecko/68.0 Firefox/68.0	360	736	360	680	360	680
5e4fe4e44d1e4ccaca619f21	Alluserspreauth	366931488	2020-02-21 15:10:44.182547	Mozilla/5.0 (X11; Linux x86_64) AppleWebKit/537.36 (KHTML, like Gecko) Chrome/79.0.3945.79 Safari/537.36	1920	1080	1850	932	1850	932
5e4fe4e54d1e4ccaca619f30	User1	366931489	2020-02-21 15:10:45.923148	Mozilla/5.0 (X11; Linux x86_64) AppleWebKit/537.36 (KHTML, like Gecko) Chrome/76.0.3809.132 Safari/537.36	1920	1080	1920	902	1920	902
5e4fe4e94d1e4ccaca619f45	Alluserspreauth	366931492	2020-02-21 15:10:49.375530	Mozilla/5.0 (X11; Linux x86_64) AppleWebKit/537.36 (KHTML, like Gecko) Chrome/79.0.3945.79 Safari/537.36	1920	1080	1850	932	1850	932
5e4fe4f74d1e4ccaca61a04d	User6	366931503	2020-02-21 15:11:03.249699	Mozilla/5.0 (X11; Linux x86_64) AppleWebKit/537.36 (KHTML, like Gecko) Chrome/79.0.3945.79 Safari/537.36	1920	1080	1850	932	1850	932
5e4fe6534d1e4ccaca61b884	User7	366931782	2020-02-21 15:16:51.961243	Mozilla/5.0 (X11; Ubuntu; Linux x86_64; rv:73.0) Gecko/20100101 Firefox/73.0	1920	1080	1853	951	1853	951
5e4fe6594d1e4ccaca61b893	User7	366931786	2020-02-21 15:16:57.171378	Mozilla/5.0 (X11; Ubuntu; Linux x86_64; rv:73.0) Gecko/20100101 Firefox/73.0	1920	1080	1853	951	1853	951
5e4fe7134d1e4ccaca61c654	Alluserspreauth	366931937	2020-02-21 15:20:03.780870	Mozilla/5.0 (X11; Ubuntu; Linux x86_64; rv:73.0) Gecko/20100101 Firefox/73.0	1920	1080	1853	951	1853	951
5e4fe72c4d1e4ccaca61c66a	Alluserspreauth	366931957	2020-02-21 15:20:28.443019	Mozilla/5.0 (X11; Linux x86_64) AppleWebKit/537.36 (KHTML, like Gecko) Chrome/76.0.3809.132 Safari/537.36	1920	1080	1920	951	1920	951
5e4fe9c24d1e4ccaca61c6f6	Alluserspreauth	366932377	2020-02-21 15:31:30.310389	Mozilla/5.0 (X11; Linux x86_64) AppleWebKit/537.36 (KHTML, like Gecko) Chrome/79.0.3945.79 Safari/537.36	1920	1080	1850	981	1850	981
5e4fe9c74d1e4ccaca61c70b	Alluserspreauth	366932383	2020-02-21 15:31:35.930276	Mozilla/5.0 (X11; Linux x86_64) AppleWebKit/537.36 (KHTML, like Gecko) Chrome/79.0.3945.79 Safari/537.36	1920	1080	1850	981	1850	981
5e4fecaf4d1e4ccaca61c71d	Alluserspreauth	366932699	2020-02-21 15:43:59.561562	Mozilla/5.0 (Linux; Android 8.0.0; PRA-LX1) AppleWebKit/537.36 (KHTML, like Gecko) Chrome/80.0.3987.87 Mobile Safari/537.36	360	640	360	518	360	588
5e538b9b4d1e4ccaca61c7d6	Alluserspreauth	366980532	2020-02-24 09:38:51.405781	Mozilla/5.0 (X11; Linux x86_64) AppleWebKit/537.36 (KHTML, like Gecko) Chrome/76.0.3809.132 Safari/537.36	1920	1080	1920	951	1904	243
5e538bb24d1e4ccaca61c7e4	Alluserspreauth	366980542	2020-02-24 09:39:14.056211	Mozilla/5.0 (X11; Linux x86_64) AppleWebKit/537.36 (KHTML, like Gecko) Chrome/76.0.3809.132 Safari/537.36	1920	1080	1920	951	1920	951
5e538c884d1e4ccaca61c7ed	Alluserspreauth	366980628	2020-02-24 09:42:48.502523	Mozilla/5.0 (Windows NT 10.0; Win64; x64) AppleWebKit/537.36 (KHTML, like Gecko) Chrome/80.0.3987.116 Safari/537.36	1280	720	1280	610	1280	610
5e538c914d1e4ccaca61c817	User4	366980633	2020-02-24 09:42:57.656849	Mozilla/5.0 (Windows NT 10.0; Win64; x64) AppleWebKit/537.36 (KHTML, like Gecko) Chrome/80.0.3987.116 Safari/537.36	1280	720	1280	610	1280	610
5e538cb64d1e4ccaca61c91f	Alluserspreauth	366980656	2020-02-24 09:43:34.245963	Mozilla/5.0 (X11; Linux x86_64) AppleWebKit/537.36 (KHTML, like Gecko) Chrome/80.0.3987.87 Safari/537.36	1920	1080	1853	949	1853	949
5e538cc34d1e4ccaca61c9bf	User3	366980666	2020-02-24 09:43:47.842120	Mozilla/5.0 (X11; Linux x86_64) AppleWebKit/537.36 (KHTML, like Gecko) Chrome/80.0.3987.87 Safari/537.36	1920	1080	1853	949	1853	949
5e538fc94d1e4ccaca61d05d	User7	366981167	2020-02-24 09:56:41.627892	Mozilla/5.0 (X11; Ubuntu; Linux x86_64; rv:73.0) Gecko/20100101 Firefox/73.0	1920	1080	1853	951	1853	951
5e53930b4d1e4ccaca61d11e	User1	366981501	2020-02-24 10:10:35.169811	Mozilla/5.0 (X11; Linux x86_64) AppleWebKit/537.36 (KHTML, like Gecko) Chrome/76.0.3809.132 Safari/537.36	1920	1080	1920	951	1920	951
5e53933f4d1e4ccaca61d131	User1	366981512	2020-02-24 10:11:27.279175	Mozilla/5.0 (X11; Linux x86_64) AppleWebKit/537.36 (KHTML, like Gecko) Chrome/76.0.3809.132 Safari/537.36	1920	1080	1920	951	1920	951
5e5393444d1e4ccaca61d1fb	User1	366981514	2020-02-24 10:11:32.476782	Mozilla/5.0 (X11; Linux x86_64) AppleWebKit/537.36 (KHTML, like Gecko) Chrome/76.0.3809.132 Safari/537.36	1920	1080	1920	951	1920	951
5e5394764d1e4ccaca61d215	User4	366981638	2020-02-24 10:16:38.928470	Mozilla/5.0 (Windows NT 10.0; Win64; x64) AppleWebKit/537.36 (KHTML, like Gecko) Chrome/80.0.3987.116 Safari/537.36	1280	720	1280	610	1280	610
5e5399ae4d1e4ccaca61d552	User8	366982440	2020-02-24 10:38:54.667162	Mozilla/5.0 (X11; Ubuntu; Linux x86_64; rv:73.0) Gecko/20100101 Firefox/73.0	1920	1080	1853	928	1853	928
5e5399b34d1e4ccaca61d599	User8	366982444	2020-02-24 10:38:59.864891	Mozilla/5.0 (X11; Ubuntu; Linux x86_64; rv:73.0) Gecko/20100101 Firefox/73.0	1920	1080	1853	928	1853	928
5e539e864d1e4ccaca61d7e2	User3	366983193	2020-02-24 10:59:34.388230	Mozilla/5.0 (X11; Linux x86_64) AppleWebKit/537.36 (KHTML, like Gecko) Chrome/80.0.3987.87 Safari/537.36	1920	1080	1853	949	1853	949
5e53a2414d1e4ccaca61d95b	Alluserspreauth	366983955	2020-02-24 11:15:29.188911	Mozilla/5.0 (X11; Linux x86_64) AppleWebKit/537.36 (KHTML, like Gecko) Chrome/79.0.3945.79 Safari/537.36	1920	1080	1850	981	1850	981
5e53a2554d1e4ccaca61da78	User6	366983975	2020-02-24 11:15:49.042248	Mozilla/5.0 (X11; Linux x86_64) AppleWebKit/537.36 (KHTML, like Gecko) Chrome/79.0.3945.79 Safari/537.36	1920	1080	1850	981	1850	981
5e53a9094d1e4ccaca621881	User8	366985689	2020-02-24 11:44:25.325341	Mozilla/5.0 (X11; Ubuntu; Linux x86_64; rv:73.0) Gecko/20100101 Firefox/73.0	1920	1080	1853	928	1853	928
5e53cefa4d1e4ccaca622d32	Alluserspreauth	366993675	2020-02-24 14:26:18.699984	Mozilla/5.0 (Linux; Android 9; Mi A1) AppleWebKit/537.36 (KHTML, like Gecko) Chrome/80.0.3987.117 Mobile Safari/537.36	360	640	360	263	360	588
5e53cf0c4d1e4ccaca622d8f	User1	366993687	2020-02-24 14:26:36.256717	Mozilla/5.0 (Linux; Android 9; Mi A1) AppleWebKit/537.36 (KHTML, like Gecko) Chrome/80.0.3987.117 Mobile Safari/537.36	360	640	360	560	360	560
5e53eb7f4d1e4ccaca623c17	User6	366999237	2020-02-24 16:27:59.633879	Mozilla/5.0 (X11; Linux x86_64) AppleWebKit/537.36 (KHTML, like Gecko) Chrome/79.0.3945.79 Safari/537.36	1920	1080	1850	981	1850	981
5e543ae64d1e4ccaca623c4b	User11	367012614	2020-02-24 22:06:46.899848	Mozilla/5.0 (X11; Ubuntu; Linux x86_64; rv:73.0) Gecko/20100101 Firefox/73.0	1920	1080	1920	951	1920	951
5e543aec4d1e4ccaca623c5c	User11	367012618	2020-02-24 22:06:52.072089	Mozilla/5.0 (X11; Ubuntu; Linux x86_64; rv:73.0) Gecko/20100101 Firefox/73.0	1920	1080	1920	951	1920	951
